date,snow
2019-01-06,0.006573251543939541
2019-01-13,0.011673786035331887
2019-01-20,0.011832686985362294
2019-01-27,0.01215729381092518
2019-02-03,0.008551775775408783
2019-02-10,0.010801564259564338
2019-02-17,0.009323614831368168
2019-02-24,0.0030427045439615375
2019-03-03,0.007451544400296654
2019-03-10,0.00484873495564677
2019-03-17,0.0031235596118247624
2019-03-24,0.0026864104905145007
2019-03-31,0.00045656235691160334
2019-04-07,0.0017595560532079543
2019-04-14,-0.0001907341857119993
2019-04-21,-0.0004353517741923735
2019-04-28,-0.000258804736776679
2019-05-05,-0.0006031807447345078
2019-05-12,-0.0006169457107162079
2019-05-19,-0.0006311568509346707
2019-05-26,-0.0006380304022024381
2019-06-02,-0.0006380304424935234
2019-06-09,-0.0006380304021252078
2019-06-16,-0.0006380304424926152
2019-06-23,-0.0006380304020978424
2019-06-30,-0.0006380304424912697
2019-07-07,-0.0006380304020680065
2019-07-14,-0.0006380304424910365
2019-07-21,-0.0006380304020361141
2019-07-28,-0.0006380304424901452
2019-08-04,-0.0006380304019973853
2019-08-11,-0.0006379862717688574
2019-08-18,-0.0005552788488724727
2019-08-25,-0.00063668327339136
2019-09-01,-0.0005514240794589141
2019-09-08,-0.0005929172953688278
2019-09-15,-0.0005480218516112402
2019-09-22,-9.626928290543238e-05
2019-09-29,0.00011335236897514156
2019-10-06,0.0005464090491765826
2019-10-13,0.0018985960700961273
2019-10-20,0.001252806903214416
2019-10-27,0.005107214749076936
2019-11-03,0.004980026348163138
2019-11-10,0.007753718802953594
2019-11-17,0.0046427836745200545
2019-11-24,0.011754239009066612
2019-12-01,0.012218479185949814
2019-12-08,0.012270890393848991
2019-12-15,0.015954004138932942
2019-12-22,0.012167053351291202
2019-12-29,0.010622805473692175
2020-01-05,0.008613702278198273
2020-01-12,0.012397146225862674
2020-01-19,0.010597004637214127
2020-01-26,0.01250645262595914
2020-02-02,0.008471706550769838
2020-02-09,0.010754660937423336
2020-02-16,0.008816665701913133
2020-02-23,0.0030737649702317904
2020-03-01,0.0058724604150127546
2020-03-08,0.004018938267069846
2020-03-15,0.0026969486126594885
2020-03-22,0.0026298201992803975
2020-03-29,0.00033023316447756686
2020-04-05,0.0005491675974253238
2020-04-12,-0.00025245070196838987
2020-04-19,-0.0005049766774358188
2020-04-26,-0.0003225800021151636
2020-05-03,-0.000678424424664842
2020-05-10,-0.0006926180577947311
2020-05-17,-0.0007073024576017632
2020-05-24,-0.0007144049119690592
2020-05-31,-0.0007144049536019294
2020-06-07,-0.0007144049118892696
2020-06-14,-0.0007144049536009933
2020-06-21,-0.0007144049118609933
2020-06-28,-0.0007144049535996031
2020-07-05,-0.0007144049118301638
2020-07-12,-0.000714404953599362
2020-07-19,-0.0007144049117972093
2020-07-26,-0.0007144049535984411
2020-08-02,-0.0007144049117571908
2020-08-09,-0.0007143593119031815
2020-08-16,-0.0006288975652645289
2020-08-23,-0.0007130129210556784
2020-08-30,-0.0006249144242665959
2020-09-06,-0.000667789447827159
2020-09-13,-0.0006213988953800394
2020-09-20,-0.00015460205637728657
2020-09-27,6.200041865614289e-05
2020-10-04,0.0005073081807287137
2020-10-11,0.001906696330226148
2020-10-18,0.0012394010835688628
2020-10-25,0.005205220126542227
2020-11-01,0.005082627076197198
2020-11-08,0.007956806441389502
2020-11-15,0.004742270908242172
2020-11-22,0.012082226523327381
2020-11-29,0.01249130872329483
2020-12-06,0.012592653094223843
2020-12-13,0.014096003962118995
2020-12-20,0.012515478551201255
2020-12-27,0.010915254816441832
2021-01-03,0.008626526584318023
2021-01-10,0.012366108764461857
2021-01-17,0.010500727114069927
2021-01-24,0.012462953505171216
2021-01-31,0.008413913271862646
2021-02-07,0.010697972149860267
2021-02-14,0.00874465646250618
2021-02-21,0.0030196725324976156
2021-02-28,0.0057647469257947285
2021-03-07,0.003936177553779626
2021-03-14,0.002627614794779617
2021-03-21,0.0025728088161384864
2021-03-28,0.000270899335482455
2021-04-04,0.00045373241183484047
2021-04-11,-0.0003096327987269585
2021-04-18,-0.0005624221394073114
2021-04-25,-0.0003798306593641648
2021-05-02,-0.0007360570032153457
2021-05-09,-0.0007502649118245381
2021-05-16,-0.0007649650721289403
2021-05-23,-0.0007720751494304257
2021-05-30,-0.00077207519110798
2021-06-06,-0.0007720751493505508
2021-06-13,-0.000772075191107043
2021-06-20,-0.0007720751493222441
2021-06-27,-0.0007720751911056513
2021-07-04,-0.0007720751492913816
2021-07-11,-0.0007720751911054099
2021-07-18,-0.0007720751492583918
2021-07-25,-0.000772075191104488
2021-08-01,-0.0007720751492183303
2021-08-08,-0.0007720295004228329
2021-08-15,-0.0006864760292567854
2021-08-22,-0.000770681664518693
2021-08-29,-0.0006824886132265724
2021-09-05,-0.0007254096537646467
2021-09-12,-0.0006789693111872505
2021-09-19,-0.0002116714676868012
2021-09-26,5.163482815904718e-06
2021-10-03,0.0004508792305865476
2021-10-10,0.0018518392727213185
2021-10-17,0.0011838278302976246
2021-10-24,0.005153357090499512
2021-10-31,0.00503091707458274
2021-11-07,0.007908442856256352
2021-11-14,0.004690457220997036
2021-11-21,0.012038022355588021
2021-11-28,0.012445267683844635
2021-12-05,0.01254824162764628
2021-12-12,0.013979002002029417
2021-12-19,0.012471954999552321
2021-12-26,0.010869867156022834
2022-01-02,0.008571826847058145
2022-01-09,0.012309948342012803
2022-01-16,0.010442394066181533
2022-01-23,0.012406378084368739
2022-01-30,0.008356861826808596
2022-02-06,0.010640957486592247
2022-02-13,0.008687131597338763
2022-02-20,0.00296274433290754
2022-02-27,0.005706033037205826
2022-03-06,0.0038782946428801094
2022-03-13,0.0025701790265369325
2022-03-20,0.0025157834097880335
2022-03-27,0.00021379658700804765
2022-04-03,0.0003954274154833196
2022-04-10,-0.00036666389018463654
2022-04-17,-0.0006194620014569562
2022-04-24,-0.00043686403402424444
2022-05-01,-0.0007931030966238952
2022-05-08,-0.0008073114806352969
2022-05-15,-0.0008220121657960007
2022-05-22,-0.000829122496956546
2022-05-29,-0.0008291225386355883
2022-06-05,-0.0008291224968766682
2022-06-12,-0.0008291225386346513
2022-06-19,-0.0008291224968483607
2022-06-26,-0.0008291225386332597
2022-07-03,-0.000829122496817497
2022-07-10,-0.0008291225386330183
2022-07-17,-0.0008291224967845061
2022-07-24,-0.0008291225386320963
2022-07-31,-0.0008291224967444431
2022-08-07,-0.0008290768463190955
2022-08-14,-0.0007435203205415669
2022-08-21,-0.0008277289622916593
2022-08-28,-0.0007395327621441696
2022-09-04,-0.0007824553351402661
2022-09-11,-0.0007360133344512621
2022-09-18,-0.0002686988064920948
2022-09-25,-5.18561140880927e-05
2022-10-02,0.00039387322042791544
2022-10-09,0.0017948856097530555
2022-10-16,0.001126850316568034
2022-10-23,0.005096503134475429
2022-10-30,0.004974068214913306
2022-11-06,0.007851705438994905
2022-11-13,0.004633604908387295
2022-11-20,0.011981423455302205
2022-11-27,0.012388607612031675
2022-12-04,0.012491635823891683
2022-12-11,0.013919978788654966
2022-12-18,0.012415378765152968
2022-12-25,0.010813228843047413
2023-01-01,0.008514878423170856
2023-01-08,0.01225295127436712
2023-01-15,0.010385324645733393
2023-01-22,0.012349367196442146
2023-01-29,0.008299835086315786
2023-02-05,0.010583931971006986
2023-02-12,0.008630089091002786
2023-02-19,0.0029057216967368796
2023-02-26,0.005648950933995407
2023-03-05,0.0038212402129002058
2023-03-12,0.0025131394873079767
2023-03-19,0.002458757536436493
2023-03-26,0.0001567681380080246
2023-04-02,0.0003383589292078494
2023-04-09,-0.00042368995286169644
2023-04-16,-0.0006764883562123911
2023-04-23,-0.0004938901727365422
2023-04-30,-0.0008501296588961305
2023-05-07,-0.0008643380587393832
2023-05-14,-0.0008790387613788589
2023-05-21,-0.0008861491009934221
2023-05-28,-0.000886149142672514
2023-06-04,-0.0008861491009135443
2023-06-11,-0.000886149142671577
2023-06-18,-0.0008861491008852366
2023-06-25,-0.0008861491426701853
2023-07-02,-0.0008861491008543728
2023-07-09,-0.0008861491426699439
2023-07-16,-0.0008861491008213819
2023-07-23,-0.0008861491426690219
2023-07-30,-0.0008861491007813189
2023-08-06,-0.000886103450301694
2023-08-13,-0.0008005468227994516
2023-08-20,-0.0008847555646716552
2023-08-27,-0.0007965592596609404
2023-09-03,-0.0008394818836909751
2023-09-10,-0.0007930398277835155
2023-09-17,-0.00032572474419827294
2023-09-24,-0.00010888179397336672
2023-10-01,0.0003368479930086236
2023-10-08,0.001737862125600622
2023-10-15,0.0010698260381372165
2023-10-22,0.0050394829707650305
2023-10-29,0.00491704822092178
2023-11-05,0.007794689156259993
2023-11-12,0.004576584799405903
2023-11-19,0.011924411785461532
2023-11-26,0.012331593905055957
2023-12-03,0.012434623924151598
2023-12-10,0.013862886384306253
2023-12-17,0.01235836785013196
2023-12-24,0.010756215860684804
2023-12-31,0.008457855113490368
2024-01-07,0.012195926344751518
2024-01-14,0.010328297306623761
2024-01-21,0.012292341806583356
2024-01-28,0.008242809168534617
2024-02-04,0.010526906094017706
2024-02-11,0.00857306264818729
2024-02-18,0.0028486959156379045
2024-02-25,0.0055919231725242505
2024-03-03,0.003764213373003355
2024-03-10,0.0024561131433031205
2024-03-17,0.002401731647532876
2024-03-24,9.974216333012614e-05
2024-03-31,0.00028133162120804974
2024-04-07,-0.0004807158480702346
2024-04-14,-0.0007335142611477274
2024-04-21,-0.000550916070477207
2024-04-28,-0.0009071555707421943
2024-05-05,-0.0009213639711126796
2024-05-12,-0.0009360646743342335
2024-05-19,-0.0009431750142303326
2024-05-26,-0.0009431750559094262
2024-06-02,-0.0009431750141504548
2024-06-09,-0.0009431750559084891
2024-06-16,-0.0009431750141221471
2024-06-23,-0.0009431750559070974
2024-06-30,-0.0009431750140912835
2024-07-07,-0.0009431750559068562
2024-07-14,-0.0009431750140582925
2024-07-21,-0.0009431750559059342
2024-07-28,-0.0009431750140182295
2024-08-04,-0.000943129363536797
2024-08-11,-0.0008575727326469168
2024-08-18,-0.0009417814778533884
2024-08-25,-0.000853585169350517
2024-09-01,-0.0008965077950800846
2024-09-08,-0.0008500657373337392
2024-09-15,-0.0003827506352450294
2024-09-22,-0.00016590767643416784
2024-09-29,0.00027982212561585094
2024-10-06,0.0016808363162621465
2024-10-13,0.0010128002023476713
2024-10-20,0.004982457272003961
2024-10-27,0.004860022527812691
2024-11-03,0.007737663586743224
2024-11-10,0.004519559102467421
2024-11-17,0.01186738636956343
2024-11-24,0.012274568421317156
2024-12-01,0.012377598500597383
2024-12-08,0.01380585827978645
2024-12-15,0.012301342459370876
2024-12-22,0.010699190401077082
2024-12-29,0.008400829309962162
2025-01-05,0.01213890048727621
2025-01-12,0.01027127136890745
2025-01-19,0.012235315933781023
2025-01-26,0.008185783278151407
2025-02-02,0.010469880204992947
2025-02-09,0.008516036740319378
2025-02-16,0.0027916700298064854
2025-02-23,0.00553489722074245
2025-03-02,0.003707187451911835
2025-03-09,0.002399087238725802
2025-03-16,0.0023447057581113453
2025-03-23,4.271627105213908e-05
2025-03-30,0.00022430568452775824
2025-04-06,-0.000537741737701732
2025-04-13,-0.0007905401511031468
2025-04-20,-0.0006079419601930293
2025-04-27,-0.0009641814609277548
2025-05-04,-0.000978389861315798
2025-05-11,-0.0009930905645567365
2025-05-18,-0.0010002009044622112
2025-05-25,-0.0010002009461413048
2025-06-01,-0.0010002009043823333
2025-06-08,-0.0010002009461403676
2025-06-15,-0.0010002009043540256
2025-06-22,-0.001000200946138976
2025-06-29,-0.0010002009043231618
2025-07-06,-0.0010002009461387346
2025-07-13,-0.0010002009042901709
2025-07-20,-0.0010002009461378125
2025-07-27,-0.0010002009042501079
2025-08-03,-0.0010001552537686152
2025-08-10,-0.0009145986227659199
2025-08-17,-0.0009988073680834294
2025-08-24,-0.0009106110594642622
2025-08-31,-0.0009535336852504277
2025-09-07,-0.0009070916274428437
2025-09-14,-0.0004397765247379312
2025-09-21,-0.00022293356564114005
2025-09-28,0.0002227962369106744
2025-10-05,0.001623810429490295
2025-10-12,0.0009557743146949457
2025-10-19,0.00492543138891456
2025-10-26,0.004802996644911513
2025-11-02,0.007680637707957919
2025-11-09,0.004462533219438716
2025-11-16,0.011810360495893938
2025-11-23,0.012217542545388432
2025-11-30,0.012320572626672927
2025-12-07,0.01374883231658044
2025-12-14,0.012244316586538496
2025-12-21,0.01064216452595197
2025-12-28,0.008343803423383806
2026-01-04,0.012081874598901306
2026-01-11,0.01021424547786036
2026-01-18,0.012178290044895698
2026-01-25,0.008128757388680604
2026-02-01,0.010412854315567384
2026-02-08,0.0084590108502663
2026-02-15,0.002734644140487266
2026-02-22,0.005477871329226949
2026-03-01,0.0036501615614183826
2026-03-08,0.0023420613487823063
2026-03-15,0.002287679868672568
2026-03-22,-1.4309618481764194e-05
2026-03-29,0.0001672797935151688
2026-04-05,-0.0005947676271475017
2026-04-12,-0.0008475660405597038
2026-04-19,-0.0006649678496416073
2026-04-26,-0.001021207350391976
2026-05-03,-0.001035415750780604
2026-05-10,-0.001050116454022188
2026-05-17,-0.0010572267939279749
2026-05-24,-0.0010572268356070687
2026-05-31,-0.0010572267938480972
2026-06-07,-0.0010572268356061315
2026-06-14,-0.0010572267938197895
2026-06-21,-0.00105722683560474
2026-06-28,-0.001057226793788926
2026-07-05,-0.0010572268356044987
2026-07-12,-0.001057226793755935
2026-07-19,-0.0010572268356035767
2026-07-26,-0.001057226793715872
2026-08-02,-0.0010571811432343774
2026-08-09,-0.000971624512227925
2026-08-16,-0.0010558332575491324
2026-08-23,-0.0009676369489260922
2026-08-30,-0.0010105595747141424
2026-09-06,-0.0009641175169045191
2026-09-13,-0.0004968024141790857
2026-09-20,-0.00027995945507277263
2026-09-27,0.00016577034749575264
2026-10-04,0.0015667845401397568
2026-10-11,0.0008987484253150728
2026-10-18,0.004868405499686655
2026-10-25,0.004745970755689876
2026-11-01,0.007623611818873347
2026-11-08,0.0044055073302128305
2026-11-15,0.011753334606979733
2026-11-22,0.01216051665639899
2026-11-29,0.012263546737750233
2026-12-06,0.01369180642468449
2026-12-13,0.01218729069765217
2026-12-20,0.010585138636989292
2026-12-27,0.008286777534039712
2027-01-03,0.012024848709497384
2027-01-10,0.010157219588367447
2027-01-17,0.012121264155474779
2027-01-24,0.008071731499240186
2027-01-31,0.01035582842612847
2027-02-07,0.008401984960806488
2027-02-14,0.002677618251051893
2027-02-21,0.005420845439718437
2027-02-28,0.003593135671943906
2027-03-07,0.002285035459326144
2027-03-14,0.0022306539792332136
2027-03-21,-7.13355079242863e-05
2027-03-28,0.00011025390402340348
2027-04-04,-0.0006517935165870889
2027-04-11,-0.00090459192999965
2027-04-18,-0.0007219937390812878
2027-04-25,-0.0010782332398321774
2027-05-02,-0.0010924416402208247
2027-05-09,-0.0011071423434624301
2027-05-16,-0.0011142526833682275
2027-05-23,-0.0011142527250473213
2027-05-30,-0.0011142526832883498
2027-06-06,-0.001114252725046384
2027-06-13,-0.0011142526832600421
2027-06-20,-0.0011142527250449926
2027-06-27,-0.0011142526832291786
2027-07-04,-0.0011142527250447513
2027-07-11,-0.0011142526831961876
2027-07-18,-0.0011142527250438293
2027-07-25,-0.0011142526831561246
2027-08-01,-0.00111420703267463
2027-08-08,-0.0010286504016680526
2027-08-15,-0.001112859146989383
2027-08-22,-0.0010246628383662139
2027-08-29,-0.001067585464154327
2027-09-05,-0.0010211434063446356
2027-09-12,-0.0005538283036185189
2027-09-19,-0.0003369853445118886
2027-09-26,0.00010874445805719316
2027-10-03,0.0015097586507033414
2027-10-10,0.0008417225358776805
2027-10-17,0.004811379610254324
2027-10-24,0.0046889448662577535
2027-10-31,0.007566585929445791
2027-11-07,0.004348481440780568
2027-11-14,0.011696308717557847
2027-11-21,0.0121034907669746
2027-11-28,0.012206520848328063
2027-12-05,0.013634780535163305
2027-12-12,0.012130264808231213
2027-12-19,0.010528112747565791
2027-12-26,0.00822975164460351
2028-01-02,0.011967822820059188
2028-01-09,0.010100193698926289
2028-01-16,0.012064238266036018
2028-01-23,0.008014705609800776
2028-01-30,0.010298802536689113
2028-02-06,0.008344959071366436
2028-02-13,0.002620592361612655
2028-02-20,0.005363819550276762
2028-02-27,0.0035361097825033654
2028-03-05,0.0022280095698862133
2028-03-12,0.002173628089793843
2028-03-19,-0.00012836139736376268
2028-03-26,5.3228014582287213e-05
2028-04-02,-0.0007088194060264675
2028-04-09,-0.0009616178194390407
2028-04-16,-0.0007790196285206696
2028-04-23,-0.0011352591292715765
2028-04-30,-0.0011494675296602245
2028-05-07,-0.0011641682329018306
2028-05-14,-0.0011712785728076284
2028-05-21,-0.0011712786144867221
2028-05-28,-0.0011712785727277506
2028-06-04,-0.001171278614485785
2028-06-11,-0.001171278572699443
2028-06-18,-0.0011712786144843935
2028-06-25,-0.0011712785726685794
2028-07-02,-0.0011712786144841521
2028-07-09,-0.0011712785726355885
2028-07-16,-0.0011712786144832301
2028-07-23,-0.0011712785725955255
2028-07-30,-0.0011712329221140309
2028-08-06,-0.0010856762911074494
2028-08-13,-0.0011698850364287839
2028-08-20,-0.0010816887278056104
2028-08-27,-0.0011246113535937257
2028-09-03,-0.0010781692957840322
2028-09-10,-0.0006108541930578927
2028-09-17,-0.00039401123395125186
2028-09-24,5.171856861784846e-05
2028-10-01,0.001452732761264068
2028-10-08,0.0007846966464383746
2028-10-15,0.004754353720815186
2028-10-22,0.004631918976818623
2028-10-29,0.007509560040006811
2028-11-05,0.004291455551341432
2028-11-12,0.011639282828119058
2028-11-19,0.012046464877535728
2028-11-26,0.012149494958889267
2028-12-03,0.013577754645721212
2028-12-10,0.012073238918792455
2028-12-17,0.010471086858126949
2028-12-24,0.008172725755164242
2028-12-31,0.011910796930619857
2029-01-07,0.010043167809486858
2029-01-14,0.012007212376596667
2029-01-21,0.007957679720361405
2029-01-28,0.010241776647249743
2029-02-04,0.008287933181927042
2029-02-11,0.002563566472173287
2029-02-18,0.005306793660837313
2029-02-25,0.003479083893063953
2029-03-04,0.0021709836804468213
2029-03-11,0.0021166022003544695
2029-03-18,-0.00018538728680313942
2029-03-25,-3.797874857144153e-06
2029-04-01,-0.0007658452954658409
2029-04-08,-0.0010186437088784146
2029-04-15,-0.0008360455179600432
2029-04-22,-0.001192285018710951
2029-04-29,-0.0012064934190995989
2029-05-06,-0.001221194122341205
2029-05-13,-0.0012283044622470028
2029-05-20,-0.0012283045039260965
2029-05-27,-0.001228304462167125
2029-06-03,-0.0012283045039251594
2029-06-10,-0.0012283044621388174
2029-06-17,-0.0012283045039237679
2029-06-24,-0.0012283044621079538
2029-07-01,-0.0012283045039235265
2029-07-08,-0.0012283044620749629
2029-07-15,-0.0012283045039226045
2029-07-22,-0.0012283044620348999
2029-07-29,-0.0012282588115534053
2029-08-05,-0.0011427021805468234
2029-08-12,-0.001226910925868158
2029-08-19,-0.0011387146172449844
2029-08-26,-0.0011816372430330996
2029-09-02,-0.0011351951852234061
2029-09-09,-0.0006678800824972659
2029-09-16,-0.0004510371233906247
2029-09-23,-5.3073208215237535e-06
2029-09-30,0.0013957068718246982
2029-10-07,0.0007276707569990037
2029-10-14,0.004697327831375821
2029-10-21,0.0045748930873792575
2029-10-28,0.007452534150567451
2029-11-04,0.0042344296619020675
2029-11-11,0.011582256938679708
2029-11-18,0.011989438988096372
2029-11-25,0.012092469069449911
2029-12-02,0.013520728756281747
2029-12-09,0.012016213029353103
2029-12-16,0.010414060968687593
2029-12-23,0.008115699865724874
2029-12-30,0.011853771041180487
2030-01-06,0.009986141920047485
2030-01-13,0.011950186487157297
2030-01-20,0.007900653830922033
2030-01-27,0.010184750757810371
2030-02-03,0.00823090729248767
2030-02-10,0.0025065405827339165
2030-02-17,0.00524976777139794
2030-02-24,0.0034220580036245824
2030-03-03,0.002113957791007452
2030-03-10,0.0020595763109151006
2030-03-17,-0.00024241317624250846
2030-03-24,-6.082376429651502e-05
2030-03-31,-0.0008228711849052098
2030-04-07,-0.0010756695983177834
2030-04-14,-0.000893071407399412
2030-04-21,-0.0012493109081503197
2030-04-28,-0.0012635193085389677
2030-05-05,-0.0012782200117805737
2030-05-12,-0.0012853303516863715
2030-05-19,-0.0012853303933654653
2030-05-26,-0.0012853303516064938
2030-06-02,-0.0012853303933645281
2030-06-09,-0.0012853303515781862
2030-06-16,-0.0012853303933631367
2030-06-23,-0.0012853303515473226
2030-06-30,-0.0012853303933628953
2030-07-07,-0.0012853303515143316
2030-07-14,-0.0012853303933619733
2030-07-21,-0.0012853303514742686
2030-07-28,-0.001285284700992774
2030-08-04,-0.0011997280699861924
2030-08-11,-0.001283936815307527
2030-08-18,-0.0011957405066843536
2030-08-25,-0.0012386631324724688
2030-09-01,-0.0011922210746627753
2030-09-08,-0.0007249059719366351
2030-09-15,-0.0005080630128299939
2030-09-22,-6.233321026089295e-05
2030-09-29,0.001338680982385329
2030-10-06,0.0006706448675596345
2030-10-13,0.004640301941936451
2030-10-20,0.004517867197939888
2030-10-27,0.007395508261128081
2030-11-03,0.004177403772462698
2030-11-10,0.011525231049240336
2030-11-17,0.011932413098657002
2030-11-24,0.012035443180010543
2030-12-01,0.013463702866842373
2030-12-08,0.011959187139913733
2030-12-15,0.010357035079248225
2030-12-22,0.008058673976285506
2030-12-29,0.011796745151741117
2031-01-05,0.009929116030608115
2031-01-12,0.011893160597717925
2031-01-19,0.007843627941482662
2031-01-26,0.010127724868371
2031-02-02,0.008173881403048299
2031-02-09,0.002449514693294545
2031-02-16,0.0051927418819585685
2031-02-23,0.0033650321141852103
2031-03-02,0.0020569319015680794
2031-03-09,0.002002550421475728
2031-03-16,-0.0002994390656818808
2031-03-23,-0.00011784965373588742
2031-03-30,-0.0008798970743445822
2031-04-06,-0.0011326954877571558
2031-04-13,-0.0009500972968387845
2031-04-20,-0.0013063367975896922
2031-04-27,-0.0013205451979783401
2031-05-04,-0.0013352459012199462
2031-05-11,-0.001342356241125744
2031-05-18,-0.0013423562828048378
2031-05-25,-0.0013423562410458663
2031-06-01,-0.0013423562828039006
2031-06-08,-0.0013423562410175586
2031-06-15,-0.0013423562828025091
2031-06-22,-0.001342356240986695
2031-06-29,-0.0013423562828022678
2031-07-06,-0.001342356240953704
2031-07-13,-0.0013423562828013458
2031-07-20,-0.001342356240913641
2031-07-27,-0.0013423105904321465
2031-08-03,-0.0012567539594255648
2031-08-10,-0.0013409627047468995
2031-08-17,-0.001252766396123726
2031-08-24,-0.0012956890219118413
2031-08-31,-0.0012492469641021478
2031-09-07,-0.0007819318613760076
2031-09-14,-0.0005650889022693664
2031-09-21,-0.00011935909970026544
2031-09-28,0.0012816550929459565
2031-10-05,0.000613618978120262
2031-10-12,0.004583276052497079
2031-10-19,0.004460841308500515
2031-10-26,0.00733848237168871
2031-11-02,0.004120377883023326
2031-11-09,0.011468205159800965
2031-11-16,0.01187538720921763
2031-11-23,0.011978417290571171
2031-11-30,0.013406676977403002
2031-12-07,0.011902161250474361
2031-12-14,0.010300009189808853
2031-12-21,0.008001648086846133
2031-12-28,0.011739719262301744
2032-01-04,0.009872090141168742
2032-01-11,0.011836134708278552
2032-01-18,0.007786602052043287
2032-01-25,0.010070698978931626
2032-02-01,0.008116855513608925
2032-02-08,0.0023924888038551716
2032-02-15,0.005135715992519195
2032-02-22,0.003308006224745837
2032-02-29,0.001999906012128706
2032-03-07,0.0019455245320363548
2032-03-14,-0.00035646495512125414
2032-03-21,-0.00017487554317526075
2032-03-28,-0.0009369229637839555
2032-04-04,-0.0011897213771965291
2032-04-11,-0.0010071231862781578
2032-04-18,-0.0013633626870290655
2032-04-25,-0.0013775710874177134
2032-05-02,-0.0013922717906593195
2032-05-09,-0.0013993821305651173
2032-05-16,-0.001399382172244211
2032-05-23,-0.0013993821304852396
2032-05-30,-0.001399382172243274
2032-06-06,-0.001399382130456932
2032-06-13,-0.0013993821722418824
2032-06-20,-0.0013993821304260684
2032-06-27,-0.001399382172241641
2032-07-04,-0.0013993821303930774
2032-07-11,-0.001399382172240719
2032-07-18,-0.0013993821303530144
2032-07-25,-0.0013993364798715198
2032-08-01,-0.0013137798488649381
2032-08-08,-0.0013979885941862728
2032-08-15,-0.0013097922855630994
2032-08-22,-0.0013527149113512146
2032-08-29,-0.0013062728535415211
2032-09-05,-0.0008389577508153809
2032-09-12,-0.0006221147917087397
2032-09-19,-0.00017638498913963876
2032-09-26,0.0012246292035065832
2032-10-03,0.0005565930886808887
2032-10-10,0.004526250163057705
2032-10-17,0.004403815419061142
2032-10-24,0.007281456482249336
2032-10-31,0.004063351993583953
2032-11-07,0.011411179270361591
2032-11-14,0.011818361319778257
2032-11-21,0.011921391401131798
2032-11-28,0.013349651087963628
2032-12-05,0.011845135361034988
2032-12-12,0.01024298330036948
2032-12-19,0.00794462219740676
2032-12-26,0.01168269337286237
2033-01-02,0.009815064251729368
2033-01-09,0.011779108818839179
2033-01-16,0.007729576162603914
2033-01-23,0.010013673089492251
2033-01-30,0.00805982962416955
2033-02-06,0.0023354629144157965
2033-02-13,0.00507869010307982
2033-02-20,0.003250980335306462
2033-02-27,0.001942880122689331
2033-03-06,0.0018884986425969797
2033-03-13,-0.0004134908445606292
2033-03-20,-0.0002319014326146358
2033-03-27,-0.0009939488532233307
2033-04-03,-0.0012467472666359042
2033-04-10,-0.0010641490757175328
2033-04-17,-0.0014203885764684406
2033-04-24,-0.0014345969768570885
2033-05-01,-0.0014492976800986946
2033-05-08,-0.0014564080200044924
2033-05-15,-0.0014564080616835862
2033-05-22,-0.0014564080199246147
2033-05-29,-0.001456408061682649
2033-06-05,-0.001456408019896307
2033-06-12,-0.0014564080616812575
2033-06-19,-0.0014564080198654435
2033-06-26,-0.0014564080616810162
2033-07-03,-0.0014564080198324525
2033-07-10,-0.0014564080616800942
2033-07-17,-0.0014564080197923895
2033-07-24,-0.001456362369310895
2033-07-31,-0.0013708057383043132
2033-08-07,-0.001455014483625648
2033-08-14,-0.0013668181750024744
2033-08-21,-0.0014097408007905897
2033-08-28,-0.0013632987429808962
2033-09-04,-0.0008959836402547559
2033-09-11,-0.0006791406811481148
2033-09-18,-0.00023341087857901382
2033-09-25,0.0011676033140672081
2033-10-02,0.0004995671992415136
2033-10-09,0.00446922427361833
2033-10-16,0.004346789529621767
2033-10-23,0.007224430592809961
2033-10-30,0.004006326104144578
2033-11-06,0.011354153380922216
2033-11-13,0.011761335430338882
2033-11-20,0.011864365511692423
2033-11-27,0.013292625198524253
2033-12-04,0.011788109471595613
2033-12-11,0.010185957410930105
2033-12-18,0.007887596307967384
2033-12-25,0.011625667483422995
2034-01-01,0.009758038362289993
2034-01-08,0.011722082929399804
2034-01-15,0.007672550273164539
2034-01-22,0.009956647200052876
2034-01-29,0.008002803734730175
2034-02-05,0.0022784370249764214
2034-02-12,0.005021664213640445
2034-02-19,0.003193954445867087
2034-02-26,0.001885854233249956
2034-03-05,0.0018314727531576046
2034-03-12,-0.00047051673400000426
2034-03-19,-0.00028892732205401087
2034-03-26,-0.0010509747426627057
2034-04-02,-0.0013037731560752793
2034-04-09,-0.001121174965156908
2034-04-16,-0.0014774144659078156
2034-04-23,-0.0014916228662964636
2034-04-30,-0.0015063235695380697
2034-05-07,-0.0015134339094438674
2034-05-14,-0.0015134339511229612
2034-05-21,-0.0015134339093639897
2034-05-28,-0.001513433951122024
2034-06-04,-0.001513433909335682
2034-06-11,-0.0015134339511206326
2034-06-18,-0.0015134339093048185
2034-06-25,-0.0015134339511203912
2034-07-02,-0.0015134339092718275
2034-07-09,-0.0015134339511194692
2034-07-16,-0.0015134339092317645
2034-07-23,-0.00151338825875027
2034-07-30,-0.0014278316277436883
2034-08-06,-0.001512040373065023
2034-08-13,-0.0014238440644418495
2034-08-20,-0.0014667666902299648
2034-08-27,-0.0014203246324202713
2034-09-03,-0.000953009529694131
2034-09-10,-0.0007361665705874898
2034-09-17,-0.0002904367680183889
2034-09-24,0.001110577424627833
2034-10-01,0.00044254130980213855
2034-10-08,0.004412198384178955
2034-10-15,0.004289763640182392
2034-10-22,0.007167404703370586
2034-10-29,0.003949300214705203
2034-11-05,0.011297127491482841
2034-11-12,0.011704309540899507
2034-11-19,0.011807339622253048
2034-11-26,0.013235599309084878
2034-12-03,0.011731083582156238
2034-12-10,0.01012893152149073
2034-12-17,0.00783057041852801
2034-12-24,0.01156864159398362
2034-12-31,0.009701012472850618
2035-01-07,0.011665057039960429
2035-01-14,0.007615524383725164
2035-01-21,0.009899621310613501
2035-01-28,0.0079457778452908
2035-02-04,0.0022214111355370464
2035-02-11,0.00496463832420107
2035-02-18,0.003136928556427712
2035-02-25,0.001828828343810581
2035-03-04,0.0017744468637182296
2035-03-11,-0.0005275426234393793
2035-03-18,-0.00034595321149338593
2035-03-25,-0.0011080006321020808
2035-04-01,-0.0013607990455146543
2035-04-08,-0.001178200854596283
2035-04-15,-0.0015344403553471907
2035-04-22,-0.0015486487557358386
2035-04-29,-0.0015633494589774447
2035-05-06,-0.0015704597988832425
2035-05-13,-0.0015704598405623363
2035-05-20,-0.0015704597988033648
2035-05-27,-0.001570459840561399
2035-06-03,-0.0015704597987750571
2035-06-10,-0.0015704598405600076
2035-06-17,-0.0015704597987441936
2035-06-24,-0.0015704598405597663
2035-07-01,-0.0015704597987112026
2035-07-08,-0.0015704598405588443
2035-07-15,-0.0015704597986711396
2035-07-22,-0.001570414148189645
2035-07-29,-0.0014848575171830633
2035-08-05,-0.001569066262504398
2035-08-12,-0.0014808699538812246
2035-08-19,-0.0015237925796693398
2035-08-26,-0.0014773505218596463
2035-09-02,-0.001010035419133506
2035-09-09,-0.0007931924600268648
2035-09-16,-0.00034746265745776384
2035-09-23,0.0010535515351884582
2035-09-30,0.0003855154203627637
2035-10-07,0.004355172494739581
2035-10-14,0.0042327377507430175
2035-10-21,0.007110378813931211
2035-10-28,0.003892274325265827
2035-11-04,0.011240101602043466
2035-11-11,0.011647283651460132
2035-11-18,0.011750313732813673
2035-11-25,0.013178573419645503
2035-12-02,0.011674057692716863
2035-12-09,0.010071905632051355
2035-12-16,0.007773544529088634
2035-12-23,0.011511615704544245
2035-12-30,0.009643986583411243
2036-01-06,0.011608031150521054
2036-01-13,0.007558498494285789
2036-01-20,0.009842595421174126
2036-01-27,0.007888751955851425
2036-02-03,0.0021643852460976713
2036-02-10,0.004907612434761695
2036-02-17,0.0030799026669883368
2036-02-24,0.0017718024543712059
2036-03-02,0.0017174209742788545
2036-03-09,-0.0005845685128787544
2036-03-16,-0.000402979100932761
2036-03-23,-0.0011650265215414559
2036-03-30,-0.0014178249349540294
2036-04-06,-0.001235226744035658
2036-04-13,-0.0015914662447865657
2036-04-20,-0.0016056746451752137
2036-04-27,-0.0016203753484168198
2036-05-04,-0.0016274856883226176
2036-05-11,-0.0016274857300017113
2036-05-18,-0.0016274856882427398
2036-05-25,-0.0016274857300007742
2036-06-01,-0.0016274856882144322
2036-06-08,-0.0016274857299993827
2036-06-15,-0.0016274856881835686
2036-06-22,-0.0016274857299991413
2036-06-29,-0.0016274856881505777
2036-07-06,-0.0016274857299982193
2036-07-13,-0.0016274856881105147
2036-07-20,-0.00162744003762902
2036-07-27,-0.0015418834066224384
2036-08-03,-0.001626092151943773
2036-08-10,-0.0015378958433205996
2036-08-17,-0.0015808184691087149
2036-08-24,-0.0015343764112990214
2036-08-31,-0.001067061308572881
2036-09-07,-0.0008502183494662398
2036-09-14,-0.0004044885468971389
2036-09-21,0.0009965256457490832
2036-09-28,0.00032848953092338865
2036-10-05,0.004298146605300206
2036-10-12,0.0041757118613036425
2036-10-19,0.007053352924491836
2036-10-26,0.003835248435826452
2036-11-02,0.011183075712604091
2036-11-09,0.011590257762020757
2036-11-16,0.011693287843374298
2036-11-23,0.013121547530206128
2036-11-30,0.011617031803277488
2036-12-07,0.01001487974261198
2036-12-14,0.007716518639649259
2036-12-21,0.01145458981510487
2036-12-28,0.009586960693971868
2037-01-04,0.011551005261081678
2037-01-11,0.007501472604846414
2037-01-18,0.009785569531734751
2037-01-25,0.00783172606641205
2037-02-01,0.0021073593566582963
2037-02-08,0.00485058654532232
2037-02-15,0.0030228767775489617
2037-02-22,0.0017147765649318308
2037-03-01,0.0016603950848394795
2037-03-08,-0.0006415944023181294
2037-03-15,-0.00046000499037213605
2037-03-22,-0.001222052410980831
2037-03-29,-0.0014748508243934044
2037-04-05,-0.001292252633475033
2037-04-12,-0.0016484921342259408
2037-04-19,-0.0016627005346145887
2037-04-26,-0.0016774012378561948
2037-05-03,-0.0016845115777619926
2037-05-10,-0.0016845116194410864
2037-05-17,-0.001684511577682115
2037-05-24,-0.0016845116194401492
2037-05-31,-0.0016845115776538072
2037-06-07,-0.0016845116194387577
2037-06-14,-0.0016845115776229437
2037-06-21,-0.0016845116194385164
2037-06-28,-0.0016845115775899527
2037-07-05,-0.0016845116194375944
2037-07-12,-0.0016845115775498897
2037-07-19,-0.0016844659270683951
2037-07-26,-0.0015989092960618134
2037-08-02,-0.0016831180413831482
2037-08-09,-0.0015949217327599747
2037-08-16,-0.00163784435854809
2037-08-23,-0.0015914023007383964
2037-08-30,-0.001124087198012256
2037-09-06,-0.0009072442389056149
2037-09-13,-0.00046151443633651396
2037-09-20,0.0009394997563097081
2037-09-27,0.0002714636414840136
2037-10-04,0.004241120715860831
2037-10-11,0.004118685971864267
2037-10-18,0.006996327035052461
2037-10-25,0.003778222546387077
2037-11-01,0.011126049823164716
2037-11-08,0.011533231872581382
2037-11-15,0.011636261953934923
2037-11-22,0.013064521640766753
2037-11-29,0.011560005913838113
2037-12-06,0.009957853853172605
2037-12-13,0.007659492750209884
2037-12-20,0.011397563925665495
2037-12-27,0.009529934804532493
2038-01-03,0.011493979371642303
2038-01-10,0.007444446715407039
2038-01-17,0.009728543642295376
2038-01-24,0.007774700176972675
2038-01-31,0.002050333467218921
2038-02-07,0.004793560655882945
2038-02-14,0.0029658508881095866
2038-02-21,0.0016577506754924557
2038-02-28,0.0016033691954001044
2038-03-07,-0.0006986202917575045
2038-03-14,-0.0005170308798115111
2038-03-21,-0.001279078300420206
2038-03-28,-0.0015318767138327795
2038-04-04,-0.0013492785229144082
2038-04-11,-0.0017055180236653159
2038-04-18,-0.0017197264240539638
2038-04-25,-0.00173442712729557
2038-05-02,-0.0017415374672013677
2038-05-09,-0.0017415375088804615
2038-05-16,-0.00174153746712149
2038-05-23,-0.0017415375088795243
2038-05-30,-0.0017415374670931823
2038-06-06,-0.0017415375088781328
2038-06-13,-0.0017415374670623188
2038-06-20,-0.0017415375088778915
2038-06-27,-0.0017415374670293278
2038-07-04,-0.0017415375088769695
2038-07-11,-0.0017415374669892648
2038-07-18,-0.0017414918165077702
2038-07-25,-0.0016559351855011885
2038-08-01,-0.0017401439308225232
2038-08-08,-0.0016519476221993497
2038-08-15,-0.001694870247987465
2038-08-22,-0.0016484281901777715
2038-08-29,-0.0011811130874516311
2038-09-05,-0.0009642701283449899
2038-09-12,-0.000518540325775889
2038-09-19,0.000882473866870333
2038-09-26,0.00021443775204463853
2038-10-03,0.004184094826421456
2038-10-10,0.004061660082424892
2038-10-17,0.006939301145613086
2038-10-24,0.003721196656947702
2038-10-31,0.01106902393372534
2038-11-07,0.011476205983142007
2038-11-14,0.011579236064495547
2038-11-21,0.013007495751327378
2038-11-28,0.011502980024398738
2038-12-05,0.00990082796373323
2038-12-12,0.007602466860770509
2038-12-19,0.01134053803622612
2038-12-26,0.009472908915093118
2039-01-02,0.011436953482202928
2039-01-09,0.007387420825967664
2039-01-16,0.009671517752856
2039-01-23,0.0077176742875333
2039-01-30,0.001993307577779546
2039-02-06,0.00473653476644357
2039-02-13,0.0029088249986702116
2039-02-20,0.0016007247860530807
2039-02-27,0.0015463433059607293
2039-03-06,-0.0007556461811968796
2039-03-13,-0.0005740567692508862
2039-03-20,-0.001336104189859581
2039-03-27,-0.0015889026032721546
2039-04-03,-0.0014063044123537832
2039-04-10,-0.001762543913104691
2039-04-17,-0.0017767523134933389
2039-04-24,-0.001791453016734945
2039-05-01,-0.0017985633566407427
2039-05-08,-0.0017985633983198365
2039-05-15,-0.001798563356560865
2039-05-22,-0.0017985633983188993
2039-05-29,-0.0017985633565325574
2039-06-05,-0.0017985633983175079
2039-06-12,-0.0017985633565016938
2039-06-19,-0.0017985633983172665
2039-06-26,-0.0017985633564687028
2039-07-03,-0.0017985633983163445
2039-07-10,-0.0017985633564286398
2039-07-17,-0.0017985177059471453
2039-07-24,-0.0017129610749405636
2039-07-31,-0.0017971698202618983
2039-08-07,-0.0017089735116387248
2039-08-14,-0.00175189613742684
2039-08-21,-0.0017054540796171466
2039-08-28,-0.0012381389768910062
2039-09-04,-0.001021296017784365
2039-09-11,-0.000575566215215264
2039-09-18,0.000825447977430958
2039-09-25,0.00015741186260526346
2039-10-02,0.004127068936982081
2039-10-09,0.004004634192985517
2039-10-16,0.006882275256173711
2039-10-23,0.003664170767508327
2039-10-30,0.011011998044285966
2039-11-06,0.011419180093702632
2039-11-13,0.011522210175056172
2039-11-20,0.012950469861888003
2039-11-27,0.011445954134959363
2039-12-04,0.009843802074293855
2039-12-11,0.007545440971331134
2039-12-18,0.011283512146786745
2039-12-25,0.009415883025653743
2040-01-01,0.011379927592763553
2040-01-08,0.007330394936528289
2040-01-15,0.009614491863416626
2040-01-22,0.007660648398093925
2040-01-29,0.001936281688340171
2040-02-05,0.004679508877004195
2040-02-12,0.0028517991092308365
2040-02-19,0.0015436988966137056
2040-02-26,0.0014893174165213543
2040-03-04,-0.0008126720706362546
2040-03-11,-0.0006310826586902612
2040-03-18,-0.001393130079298956
2040-03-25,-0.0016459284927115296
2040-04-01,-0.0014633303017931583
2040-04-08,-0.001819569802544066
2040-04-15,-0.001833778202932714
2040-04-22,-0.00184847890617432
2040-04-29,-0.0018555892460801178
2040-05-06,-0.0018555892877592116
2040-05-13,-0.00185558924600024
2040-05-20,-0.0018555892877582744
2040-05-27,-0.0018555892459719324
2040-06-03,-0.001855589287756883
2040-06-10,-0.0018555892459410689
2040-06-17,-0.0018555892877566416
2040-06-24,-0.001855589245908078
2040-07-01,-0.0018555892877557196
2040-07-08,-0.001855589245868015
2040-07-15,-0.0018555435953865203
2040-07-22,-0.0017699869643799386
2040-07-29,-0.0018541957097012733
2040-08-05,-0.0017659994010780999
2040-08-12,-0.0018089220268662151
2040-08-19,-0.0017624799690565216
2040-08-26,-0.0012951648663303813
2040-09-02,-0.00107832190722374
2040-09-09,-0.0006325921046546391
2040-09-16,0.0007684220879915829
2040-09-23,0.0001003859731658884
2040-09-30,0.004070043047542706
2040-10-07,0.003947608303546142
2040-10-14,0.006825249366734336
2040-10-21,0.003607144878068952
2040-10-28,0.01095497215484659
2040-11-04,0.011362154204263257
2040-11-11,0.011465184285616797
2040-11-18,0.012893443972448628
2040-11-25,0.011388928245519988
2040-12-02,0.00978677618485448
2040-12-09,0.007488415081891759
2040-12-16,0.01122648625734737
2040-12-23,0.009358857136214368
2040-12-30,0.011322901703324178
2041-01-06,0.0072733690470889135
2041-01-13,0.00955746597397725
2041-01-20,0.00760362250865455
2041-01-27,0.001879255798900796
2041-02-03,0.00462248298756482
2041-02-10,0.0027947732197914615
2041-02-17,0.0014866730071743306
2041-02-24,0.0014322915270819792
2041-03-03,-0.0008696979600756297
2041-03-10,-0.0006881085481296363
2041-03-17,-0.0014501559687383312
2041-03-24,-0.0017029543821509047
2041-03-31,-0.0015203561912325333
2041-04-07,-0.001876595691983441
2041-04-14,-0.001890804092372089
2041-04-21,-0.001905504795613695
2041-04-28,-0.0019126151355194929
2041-05-05,-0.0019126151771985866
2041-05-12,-0.0019126151354396151
2041-05-19,-0.0019126151771976495
2041-05-26,-0.0019126151354113075
2041-06-02,-0.001912615177196258
2041-06-09,-0.001912615135380444
2041-06-16,-0.0019126151771960166
2041-06-23,-0.001912615135347453
2041-06-30,-0.0019126151771950946
2041-07-07,-0.00191261513530739
2041-07-14,-0.0019125694848258954
2041-07-21,-0.0018270128538193137
2041-07-28,-0.0019112215991406484
2041-08-04,-0.001823025290517475
2041-08-11,-0.0018659479163055902
2041-08-18,-0.0018195058584958967
2041-08-25,-0.0013521907557697563
2041-09-01,-0.0011353477966631151
2041-09-08,-0.0006896179940940141
2041-09-15,0.0007113961985522079
2041-09-22,4.3360083726513344e-05
2041-09-29,0.004013017158103331
2041-10-06,0.003890582414106767
2041-10-13,0.006768223477294961
2041-10-20,0.0035501189886295768
2041-10-27,0.010897946265407216
2041-11-03,0.011305128314823882
2041-11-10,0.011408158396177422
2041-11-17,0.012836418083009253
2041-11-24,0.011331902356080613
2041-12-01,0.009729750295415104
2041-12-08,0.007431389192452384
2041-12-15,0.011169460367907995
2041-12-22,0.009301831246774993
2041-12-29,0.011265875813884803
2042-01-05,0.0072163431576495385
2042-01-12,0.009500440084537876
2042-01-19,0.007546596619215175
2042-01-26,0.001822229909461421
2042-02-02,0.004565457098125445
2042-02-09,0.0027377473303520864
2042-02-16,0.0014296471177349555
2042-02-23,0.0013752656376426042
2042-03-02,-0.0009267238495150047
2042-03-09,-0.0007451344375690114
2042-03-16,-0.0015071818581777062
2042-03-23,-0.0017599802715902797
2042-03-30,-0.0015773820806719084
2042-04-06,-0.001933621581422816
2042-04-13,-0.001947829981811464
2042-04-20,-0.0019625306850530704
2042-04-27,-0.001969641024958868
2042-05-04,-0.001969641066637962
2042-05-11,-0.0019696410248789906
2042-05-18,-0.001969641066637025
2042-05-25,-0.001969641024850683
2042-06-01,-0.0019696410666356335
2042-06-08,-0.001969641024819819
2042-06-15,-0.001969641066635392
2042-06-22,-0.0019696410247868282
2042-06-29,-0.00196964106663447
2042-07-06,-0.0019696410247467652
2042-07-13,-0.0019695953742652705
2042-07-20,-0.0018840387432586887
2042-07-27,-0.0019682474885800235
2042-08-03,-0.00188005117995685
2042-08-10,-0.0019229738057449652
2042-08-17,-0.0018765317479352717
2042-08-24,-0.0014092166452091314
2042-08-31,-0.0011923736861024902
2042-09-07,-0.0007466438835333892
2042-09-14,0.0006543703091128328
2042-09-21,-1.3665805712861716e-05
2042-09-28,0.0039559912686639555
2042-10-05,0.003833556524667392
2042-10-12,0.006711197587855586
2042-10-19,0.0034930930991902017
2042-10-26,0.01084092037596784
2042-11-02,0.011248102425384507
2042-11-09,0.011351132506738047
2042-11-16,0.012779392193569878
2042-11-23,0.011274876466641237
2042-11-30,0.00967272440597573
2042-12-07,0.007374363303013009
2042-12-14,0.01111243447846862
2042-12-21,0.009244805357335618
2042-12-28,0.011208849924445428
2043-01-04,0.007159317268210163
2043-01-11,0.0094434141950985
2043-01-18,0.0074895707297758
2043-01-25,0.001765204020022046
2043-02-01,0.0045084312086860695
2043-02-08,0.0026807214409127113
2043-02-15,0.0013726212282955804
2043-02-22,0.001318239748203229
2043-03-01,-0.0009837497389543798
2043-03-08,-0.0008021603270083864
2043-03-15,-0.0015642077476170813
2043-03-22,-0.0018170061610296548
2043-03-29,-0.0016344079701112835
2043-04-05,-0.001990647470862191
2043-04-12,-0.002004855871250839
2043-04-19,-0.0020195565744924454
2043-04-26,-0.002026666914398243
2043-05-03,-0.002026666956077337
2043-05-10,-0.0020266669143183657
2043-05-17,-0.0020266669560764002
2043-05-24,-0.002026666914290058
2043-05-31,-0.0020266669560750085
2043-06-07,-0.0020266669142591943
2043-06-14,-0.002026666956074767
2043-06-21,-0.0020266669142262033
2043-06-28,-0.002026666956073845
2043-07-05,-0.0020266669141861403
2043-07-12,-0.0020266212637046455
2043-07-19,-0.0019410646326980638
2043-07-26,-0.0020252733780193985
2043-08-02,-0.001937077069396225
2043-08-09,-0.0019799996951843403
2043-08-16,-0.0019335576373746468
2043-08-23,-0.0014662425346485064
2043-08-30,-0.0012493995755418652
2043-09-06,-0.0008036697729727643
2043-09-13,0.0005973444196734577
2043-09-20,-7.069169515223678e-05
2043-09-27,0.00389896537922458
2043-10-04,0.0037765306352280166
2043-10-11,0.006654171698416211
2043-10-18,0.0034360672097508266
2043-10-25,0.010783894486528466
2043-11-01,0.011191076535945131
2043-11-08,0.011294106617298672
2043-11-15,0.012722366304130503
2043-11-22,0.011217850577201862
2043-11-29,0.009615698516536354
2043-12-06,0.007317337413573634
2043-12-13,0.011055408589029245
2043-12-20,0.009187779467896243
2043-12-27,0.011151824035006053
2044-01-03,0.007102291378770788
2044-01-10,0.009386388305659125
2044-01-17,0.007432544840336425
2044-01-24,0.0017081781305826708
2044-01-31,0.0044514053192466945
2044-02-07,0.0026236955514733363
2044-02-14,0.0013155953388562054
2044-02-21,0.001261213858763854
2044-02-28,-0.0010407756283937549
2044-03-06,-0.0008591862164477615
2044-03-13,-0.0016212336370564563
2044-03-20,-0.0018740320504690299
2044-03-27,-0.0016914338595506585
2044-04-03,-0.002047673360301566
2044-04-10,-0.002061881760690214
2044-04-17,-0.0020765824639318205
2044-04-24,-0.0020836928038376183
2044-05-01,-0.002083692845516712
2044-05-08,-0.0020836928037577408
2044-05-15,-0.0020836928455157753
2044-05-22,-0.002083692803729433
2044-05-29,-0.0020836928455143836
2044-06-05,-0.0020836928036985693
2044-06-12,-0.002083692845514142
2044-06-19,-0.0020836928036655784
2044-06-26,-0.00208369284551322
2044-07-03,-0.0020836928036255154
2044-07-10,-0.0020836471531440206
2044-07-17,-0.001998090522137439
2044-07-24,-0.0020822992674587736
2044-07-31,-0.0019941029588356
2044-08-07,-0.0020370255846237154
2044-08-14,-0.001990583526814022
2044-08-21,-0.0015232684240878815
2044-08-28,-0.0013064254649812403
2044-09-04,-0.0008606956624121393
2044-09-11,0.0005403185302340827
2044-09-18,-0.00012771758459161184
2044-09-25,0.003841939489785205
2044-10-02,0.0037195047457886416
2044-10-09,0.006597145808976836
2044-10-16,0.0033790413203114516
2044-10-23,0.01072686859708909
2044-10-30,0.011134050646505756
2044-11-06,0.011237080727859297
2044-11-13,0.012665340414691128
2044-11-20,0.011160824687762487
2044-11-27,0.00955867262709698
2044-12-04,0.007260311524134259
2044-12-11,0.01099838269958987
2044-12-18,0.009130753578456868
2044-12-25,0.011094798145566678
2045-01-01,0.007045265489331413
2045-01-08,0.00932936241621975
2045-01-15,0.00737551895089705
2045-01-22,0.0016511522411432958
2045-01-29,0.004394379429807319
2045-02-05,0.0025666696620339612
2045-02-12,0.0012585694494168303
2045-02-19,0.001204187969324479
2045-02-26,-0.00109780151783313
2045-03-05,-0.0009162121058871365
2045-03-12,-0.0016782595264958314
2045-03-19,-0.001931057939908405
2045-03-26,-0.0017484597489900336
2045-04-02,-0.0021046992497409413
2045-04-09,-0.0021189076501295892
2045-04-16,-0.0021336083533711955
2045-04-23,-0.0021407186932769933
2045-04-30,-0.002140718734956087
2045-05-07,-0.002140718693197116
2045-05-14,-0.0021407187349551503
2045-05-21,-0.002140718693168808
2045-05-28,-0.0021407187349537587
2045-06-04,-0.0021407186931379444
2045-06-11,-0.002140718734953517
2045-06-18,-0.0021407186931049534
2045-06-25,-0.002140718734952595
2045-07-02,-0.0021407186930648904
2045-07-09,-0.0021406730425833956
2045-07-16,-0.002055116411576814
2045-07-23,-0.0021393251568981486
2045-07-30,-0.002051128848274975
2045-08-06,-0.0020940514740630904
2045-08-13,-0.002047609416253397
2045-08-20,-0.0015802943135272566
2045-08-27,-0.0013634513544206154
2045-09-03,-0.0009177215518515144
2045-09-10,0.0004832926407947076
2045-09-17,-0.0001847434740309869
2045-09-24,0.00378491360034583
2045-10-01,0.0036624788563492665
2045-10-08,0.0065401199195374606
2045-10-15,0.0033220154308720765
2045-10-22,0.010669842707649715
2045-10-29,0.011077024757066381
2045-11-05,0.011180054838419922
2045-11-12,0.012608314525251752
2045-11-19,0.011103798798323112
2045-11-26,0.009501646737657604
2045-12-03,0.007203285634694884
2045-12-10,0.010941356810150495
2045-12-17,0.009073727689017493
2045-12-24,0.011037772256127303
2045-12-31,0.006988239599892038
2046-01-07,0.009272336526780375
2046-01-14,0.007318493061457675
2046-01-21,0.0015941263517039207
2046-01-28,0.004337353540367944
2046-02-04,0.002509643772594586
2046-02-11,0.0012015435599774553
2046-02-18,0.001147162079885104
2046-02-25,-0.001154827407272505
2046-03-04,-0.0009732379953265116
2046-03-11,-0.0017352854159352065
2046-03-18,-0.00198808382934778
2046-03-25,-0.0018054856384294086
2046-04-01,-0.0021617251391803163
2046-04-08,-0.0021759335395689643
2046-04-15,-0.0021906342428105706
2046-04-22,-0.0021977445827163684
2046-04-29,-0.002197744624395462
2046-05-06,-0.002197744582636491
2046-05-13,-0.0021977446243945254
2046-05-20,-0.0021977445826081832
2046-05-27,-0.0021977446243931337
2046-06-03,-0.0021977445825773195
2046-06-10,-0.002197744624392892
2046-06-17,-0.0021977445825443285
2046-06-24,-0.00219774462439197
2046-07-01,-0.0021977445825042655
2046-07-08,-0.0021976989320227707
2046-07-15,-0.002112142301016189
2046-07-22,-0.0021963510463375237
2046-07-29,-0.00210815473771435
2046-08-05,-0.0021510773635024655
2046-08-12,-0.002104635305692772
2046-08-19,-0.0016373202029666316
2046-08-26,-0.0014204772438599904
2046-09-02,-0.0009747474412908894
2046-09-09,0.00042626675135533257
2046-09-16,-0.00024176936347036196
2046-09-23,0.003727887710906455
2046-09-30,0.0036054529669098914
2046-10-07,0.0064830940300980855
2046-10-14,0.0032649895414327014
2046-10-21,0.01061281681821034
2046-10-28,0.011019998867627006
2046-11-04,0.011123028948980547
2046-11-11,0.012551288635812377
2046-11-18,0.011046772908883737
2046-11-25,0.009444620848218229
2046-12-02,0.007146259745255509
2046-12-09,0.01088433092071112
2046-12-16,0.009016701799578117
2046-12-23,0.010980746366687928
2046-12-30,0.006931213710452663
2047-01-06,0.009215310637341
2047-01-13,0.0072614671720182995
2047-01-20,0.0015371004622645457
2047-01-27,0.004280327650928569
2047-02-03,0.002452617883155211
2047-02-10,0.0011445176705380802
2047-02-17,0.0010901361904457289
2047-02-24,-0.00121185329671188
2047-03-03,-0.0010302638847658867
2047-03-10,-0.0017923113053745815
2047-03-17,-0.002045109718787155
2047-03-24,-0.0018625115278687837
2047-03-31,-0.0022187510286196914
2047-04-07,-0.0022329594290083393
2047-04-14,-0.0022476601322499457
2047-04-21,-0.0022547704721557434
2047-04-28,-0.0022547705138348372
2047-05-05,-0.002254770472075866
2047-05-12,-0.0022547705138339005
2047-05-19,-0.0022547704720475583
2047-05-26,-0.002254770513832509
2047-06-02,-0.0022547704720166945
2047-06-09,-0.0022547705138322672
2047-06-16,-0.0022547704719837035
2047-06-23,-0.0022547705138313452
2047-06-30,-0.0022547704719436405
2047-07-07,-0.0022547248214621458
2047-07-14,-0.002169168190455564
2047-07-21,-0.0022533769357768988
2047-07-28,-0.0021651806271537253
2047-08-04,-0.0022081032529418405
2047-08-11,-0.002161661195132147
2047-08-18,-0.0016943460924060067
2047-08-25,-0.0014775031332993655
2047-09-01,-0.0010317733307302645
2047-09-08,0.0003692408619159575
2047-09-15,-0.000298795252909737
2047-09-22,0.0036708618214670798
2047-09-29,0.0035484270774705164
2047-10-06,0.00642606814065871
2047-10-13,0.0032079636519933264
2047-10-20,0.010555790928770965
2047-10-27,0.010962972978187631
2047-11-03,0.011066003059541172
2047-11-10,0.012494262746373002
2047-11-17,0.010989747019444362
2047-11-24,0.009387594958778854
2047-12-01,0.007089233855816134
2047-12-08,0.010827305031271744
2047-12-15,0.008959675910138742
2047-12-22,0.010923720477248553
2047-12-29,0.006874187821013288
2048-01-05,0.009158284747901625
2048-01-12,0.0072044412825789245
2048-01-19,0.0014800745728251706
2048-01-26,0.004223301761489194
2048-02-02,0.002395591993715836
2048-02-09,0.0010874917810987051
2048-02-16,0.0010331103010063538
2048-02-23,-0.001268879186151255
2048-03-01,-0.0010872897742052617
2048-03-08,-0.0018493371948139566
2048-03-15,-0.00210213560822653
2048-03-22,-0.0019195374173081588
2048-03-29,-0.0022757769180590665
2048-04-05,-0.0022899853184477144
2048-04-12,-0.0023046860216893207
2048-04-19,-0.0023117963615951185
2048-04-26,-0.0023117964032742123
2048-05-03,-0.002311796361515241
2048-05-10,-0.0023117964032732755
2048-05-17,-0.0023117963614869333
2048-05-24,-0.002311796403271884
2048-05-31,-0.0023117963614560696
2048-06-07,-0.0023117964032716423
2048-06-14,-0.0023117963614230786
2048-06-21,-0.0023117964032707203
2048-06-28,-0.0023117963613830156
2048-07-05,-0.002311750710901521
2048-07-12,-0.002226194079894939
2048-07-19,-0.002310402825216274
2048-07-26,-0.0022222065165931003
2048-08-02,-0.0022651291423812156
2048-08-09,-0.002218687084571522
2048-08-16,-0.0017513719818453817
2048-08-23,-0.0015345290227387405
2048-08-30,-0.0010887992201696396
2048-09-06,0.00031221497247658245
2048-09-13,-0.0003558211423491121
2048-09-20,0.0036138359320277047
2048-09-27,0.0034914011880311413
2048-10-04,0.006369042251219335
2048-10-11,0.0031509377625539513
2048-10-18,0.01049876503933159
2048-10-25,0.010905947088748256
2048-11-01,0.011008977170101797
2048-11-08,0.012437236856933627
2048-11-15,0.010932721130004987
2048-11-22,0.009330569069339479
2048-11-29,0.0070322079663767585
2048-12-06,0.01077027914183237
2048-12-13,0.008902650020699367
2048-12-20,0.010866694587809178
2048-12-27,0.006817161931573913
2049-01-03,0.00910125885846225
2049-01-10,0.007147415393139549
2049-01-17,0.0014230486833857955
2049-01-24,0.004166275872049819
2049-01-31,0.002338566104276461
2049-02-07,0.00103046589165933
2049-02-14,0.0009760844115669788
2049-02-21,-0.0013259050755906302
2049-02-28,-0.0011443156636446368
2049-03-07,-0.0019063630842533316
2049-03-14,-0.002159161497665905
2049-03-21,-0.001976563306747534
2049-03-28,-0.0023328028074984415
2049-04-04,-0.0023470112078870895
2049-04-11,-0.0023617119111286958
2049-04-18,-0.0023688222510344936
2049-04-25,-0.0023688222927135873
2049-05-02,-0.002368822250954616
2049-05-09,-0.0023688222927126506
2049-05-16,-0.0023688222509263084
2049-05-23,-0.002368822292711259
2049-05-30,-0.0023688222508954446
2049-06-06,-0.0023688222927110173
2049-06-13,-0.0023688222508624537
2049-06-20,-0.0023688222927100953
2049-06-27,-0.0023688222508223907
2049-07-04,-0.002368776600340896
2049-07-11,-0.002283219969334314
2049-07-18,-0.002367428714655649
2049-07-25,-0.0022792324060324754
2049-08-01,-0.0023221550318205907
2049-08-08,-0.002275712974010897
2049-08-15,-0.0018083978712847568
2049-08-22,-0.0015915549121781156
2049-08-29,-0.0011458251096090146
2049-09-05,0.0002551890830372074
2049-09-12,-0.00041284703178848714
2049-09-19,0.0035568100425883297
2049-09-26,0.0034343752985917663
2049-10-03,0.00631201636177996
2049-10-10,0.0030939118731145763
2049-10-17,0.010441739149892215
2049-10-24,0.010848921199308881
2049-10-31,0.010951951280662422
2049-11-07,0.012380210967494252
2049-11-14,0.010875695240565612
2049-11-21,0.009273543179900104
2049-11-28,0.0069751820769373835
2049-12-05,0.010713253252392994
2049-12-12,0.008845624131259992
2049-12-19,0.010809668698369803
2049-12-26,0.006760136042134538
2050-01-02,0.009044232969022875
2050-01-09,0.007090389503700174
2050-01-16,0.0013660227939464205
2050-01-23,0.004109249982610444
2050-01-30,0.002281540214837086
2050-02-06,0.000973440002219955
2050-02-13,0.0009190585221276038
2050-02-20,-0.0013829309650300052
2050-02-27,-0.0012013415530840118
2050-03-06,-0.0019633889736927067
2050-03-13,-0.0022161873871052802
2050-03-20,-0.002033589196186909
2050-03-27,-0.0023898286969378166
2050-04-03,-0.0024040370973264645
2050-04-10,-0.002418737800568071
2050-04-17,-0.0024258481404738686
2050-04-24,-0.0024258481821529624
2050-05-01,-0.002425848140393991
2050-05-08,-0.0024258481821520256
2050-05-15,-0.0024258481403656835
2050-05-22,-0.002425848182150634
2050-05-29,-0.0024258481403348197
2050-06-05,-0.0024258481821503924
2050-06-12,-0.0024258481403018287
2050-06-19,-0.0024258481821494704
2050-06-26,-0.0024258481402617657
2050-07-03,-0.002425802489780271
2050-07-10,-0.0023402458587736892
2050-07-17,-0.002424454604095024
2050-07-24,-0.0023362582954718505
2050-07-31,-0.0023791809212599657
2050-08-07,-0.0023327388634502722
2050-08-14,-0.0018654237607241319
2050-08-21,-0.0016485808016174907
2050-08-28,-0.0012028509990483897
2050-09-04,0.00019816319359783232
2050-09-11,-0.0004698729212278622
2050-09-18,0.0034997841531489546
2050-09-25,0.003377349409152391
2050-10-02,0.006254990472340585
2050-10-09,0.003036885983675201
2050-10-16,0.01038471326045284
2050-10-23,0.010791895309869506
2050-10-30,0.010894925391223047
2050-11-06,0.012323185078054877
2050-11-13,0.010818669351126237
2050-11-20,0.009216517290460729
2050-11-27,0.006918156187498008
2050-12-04,0.01065622736295362
2050-12-11,0.008788598241820617
2050-12-18,0.010752642808930428
2050-12-25,0.006703110152695163
2051-01-01,0.0089872070795835
