date,snowfall
1980-01-06,0.012997916666666649
1980-01-13,0.0076580357142857144
1980-01-20,0.019969642857142842
1980-01-27,0.022616071428571426
1980-02-03,0.03399910714285713
1980-02-10,0.044133035714285715
1980-02-17,0.000225
1980-02-24,0.002100892857142843
1980-03-02,0.0007285714285714143
1980-03-09,0.0014892857142857143
1980-03-16,0.0095625
1980-03-23,0.03459107142857143
1980-03-30,0.01484017857142857
1980-04-06,0.0013312500000000002
1980-04-13,2.5e-05
1980-04-20,0.00014375
1980-04-27,1.3392857142857144e-05
1980-05-04,1.7857142857142859e-06
1980-05-11,4.732142857142857e-05
1980-05-18,0.0
1980-05-25,0.0
1980-06-01,0.0
1980-06-08,0.0
1980-06-15,0.0
1980-06-22,0.0
1980-06-29,0.0
1980-07-06,0.0
1980-07-13,0.0
1980-07-20,0.0
1980-07-27,0.0
1980-08-03,0.0
1980-08-10,0.0
1980-08-17,0.0
1980-08-24,0.0
1980-08-31,0.0
1980-09-07,0.0
1980-09-14,0.0
1980-09-21,0.0
1980-09-28,0.0
1980-10-05,0.0
1980-10-12,0.0
1980-10-19,0.0005821428571428571
1980-10-26,0.0008205357142857144
1980-11-02,5.892857142857143e-05
1980-11-09,0.0002999999999999714
1980-11-16,0.005785714285714271
1980-11-23,0.013185714285714285
1980-11-30,0.010211607142857128
1980-12-07,0.005137499999999971
1980-12-14,0.009249107142857144
1980-12-21,0.036133035714285715
1980-12-28,0.003264285714285715
1981-01-04,0.010731249999999986
1981-01-11,0.01967857142857143
1981-01-18,0.07230178571428571
1981-01-25,0.0023982142857142856
1981-02-01,0.0014830357142857002
1981-02-08,0.004192857142857143
1981-02-15,0.013857142857142858
1981-02-22,0.018173214285714286
1981-03-01,0.013871428571428571
1981-03-08,0.008283928571428572
1981-03-15,0.0047178571428571426
1981-03-22,0.014301785714285713
1981-03-29,0.005789285714285714
1981-04-05,2.053571428571428e-05
1981-04-12,2.6785714285714288e-05
1981-04-19,1.1607142857142857e-05
1981-04-26,0.03153392857142855
1981-05-03,0.00019017857142857142
1981-05-10,0.00016250000000000002
1981-05-17,0.0
1981-05-24,0.0
1981-05-31,0.0
1981-06-07,0.0
1981-06-14,0.0
1981-06-21,0.0
1981-06-28,0.0
1981-07-05,0.0
1981-07-12,0.0
1981-07-19,0.0
1981-07-26,0.0
1981-08-02,0.0
1981-08-09,0.0
1981-08-16,0.0
1981-08-23,0.0
1981-08-30,0.0
1981-09-06,0.0
1981-09-13,0.0
1981-09-20,0.0
1981-09-27,0.0
1981-10-04,0.003317857142857143
1981-10-11,5.446428571428571e-05
1981-10-18,0.0008491071428571143
1981-10-25,9.910714285712856e-05
1981-11-01,0.0003026785714285714
1981-11-08,1.1607142857142857e-05
1981-11-15,8.928571428571429e-07
1981-11-22,0.0006660714285714285
1981-11-29,0.013658928571428572
1981-12-06,0.0037535714285714147
1981-12-13,0.07485892857142855
1981-12-20,0.04781875000000001
1981-12-27,0.029138392857142842
1982-01-03,0.03472053571428572
1982-01-10,0.0955017857142857
1982-01-17,0.003160714285714271
1982-01-24,0.0009866071428571287
1982-01-31,0.0010901785714285714
1982-02-07,0.0025312499999999996
1982-02-14,0.003194642857142843
1982-02-21,0.008116071428571415
1982-02-28,0.003764285714285714
1982-03-07,0.004576785714285715
1982-03-14,0.018935714285714285
1982-03-21,0.005741071428571429
1982-03-28,3.928571428571429e-05
1982-04-04,0.00038124999999999997
1982-04-11,0.0009491071428571429
1982-04-18,2.4107142857142858e-05
1982-04-25,2.678571428571429e-06
1982-05-02,0.004438392857142857
1982-05-09,0.002505357142857143
1982-05-16,0.0
1982-05-23,0.0
1982-05-30,0.0
1982-06-06,0.0
1982-06-13,0.0
1982-06-20,0.0
1982-06-27,0.0
1982-07-04,0.0
1982-07-11,0.0
1982-07-18,0.0
1982-07-25,0.0
1982-08-01,0.0
1982-08-08,0.0
1982-08-15,0.0
1982-08-22,0.0
1982-08-29,0.0
1982-09-05,0.0
1982-09-12,0.0
1982-09-19,0.0
1982-09-26,0.0
1982-10-03,0.0
1982-10-10,0.0
1982-10-17,0.00041607142857142857
1982-10-24,0.0
1982-10-31,0.0
1982-11-07,0.0
1982-11-14,0.0012625
1982-11-21,0.0029607142857142857
1982-11-28,0.012405357142857116
1982-12-05,0.001240178571428543
1982-12-12,0.029265178571428574
1982-12-19,0.013933035714285714
1982-12-26,0.021380357142857128
1983-01-02,0.005891964285714285
1983-01-09,0.005070535714285714
1983-01-16,0.0030830357142857
1983-01-23,0.004301785714285701
1983-01-30,0.007569642857142857
1983-02-06,0.06327946428571428
1983-02-13,0.01720625
1983-02-20,0.004178571428571414
1983-02-27,0.003174999999999986
1983-03-06,0.001025
1983-03-13,0.0010535714285714287
1983-03-20,0.0011366071428571428
1983-03-27,0.019627678571428556
1983-04-03,0.009114285714285714
1983-04-10,0.0035625
1983-04-17,0.0005901785714285715
1983-04-24,0.010641964285714258
1983-05-01,5.357142857141429e-05
1983-05-08,0.0
1983-05-15,1.6071428571428572e-05
1983-05-22,0.0
1983-05-29,0.0
1983-06-05,0.0
1983-06-12,0.0
1983-06-19,0.0
1983-06-26,0.0
1983-07-03,0.0
1983-07-10,0.0
1983-07-17,0.0
1983-07-24,0.0
1983-07-31,0.0
1983-08-07,0.0
1983-08-14,0.0
1983-08-21,0.0
1983-08-28,0.0
1983-09-04,0.0
1983-09-11,0.0
1983-09-18,0.0
1983-09-25,0.0
1983-10-02,0.0
1983-10-09,0.0
1983-10-16,0.0
1983-10-23,4.464285714285715e-06
1983-10-30,7.767857142857142e-05
1983-11-06,0.0
1983-11-13,0.0
1983-11-20,0.0001732142857142857
1983-11-27,0.0013035714285714287
1983-12-04,0.00010357142857142858
1983-12-11,0.009948214285714286
1983-12-18,0.00355
1983-12-25,0.023208928571428568
1984-01-01,0.003039285714285714
1984-01-08,0.02073214285714286
1984-01-15,0.051116071428571434
1984-01-22,0.05682410714285714
1984-01-29,0.06855892857142858
1984-02-05,0.036952678571428574
1984-02-12,0.008629464285714285
1984-02-19,0.0034035714285714285
1984-02-26,0.012010714285714272
1984-03-04,0.011172321428571427
1984-03-11,0.0009928571428571285
1984-03-18,0.002241964285714257
1984-03-25,0.014158928571428572
1984-04-01,0.0067455357142857
1984-04-08,0.0003026785714285714
1984-04-15,0.0010348214285714143
1984-04-22,2.5e-05
1984-04-29,0.0
1984-05-06,8.928571428571429e-07
1984-05-13,1.1607142857142857e-05
1984-05-20,0.0
1984-05-27,1.7857142857142859e-06
1984-06-03,0.0
1984-06-10,0.0
1984-06-17,0.0
1984-06-24,0.0
1984-07-01,0.0
1984-07-08,0.0
1984-07-15,0.0
1984-07-22,0.0
1984-07-29,0.0
1984-08-05,0.0
1984-08-12,0.0
1984-08-19,0.0
1984-08-26,0.0
1984-09-02,0.0
1984-09-09,0.0
1984-09-16,0.0
1984-09-23,0.0
1984-09-30,0.0
1984-10-07,0.0
1984-10-14,0.0
1984-10-21,4.8214285714285716e-05
1984-10-28,0.0
1984-11-04,0.00044464285714284284
1984-11-11,0.00035714285714285714
1984-11-18,0.0005044642857142857
1984-11-25,0.00037946428571427145
1984-12-02,0.0029544642857142855
1984-12-09,0.000425
1984-12-16,0.0006901785714285715
1984-12-23,0.005117857142857144
1984-12-30,0.006250892857142829
1985-01-06,0.008641964285714286
1985-01-13,0.04628571428571427
1985-01-20,0.04046339285714286
1985-01-27,0.07214017857142856
1985-02-03,0.003886607142857143
1985-02-10,0.044133035714285715
1985-02-17,0.004183928571428572
1985-02-24,0.0038044642857142856
1985-03-03,0.003841071428571429
1985-03-10,9.285714285714286e-05
1985-03-17,0.014254464285714285
1985-03-24,0.008983928571428556
1985-03-31,0.02541875
1985-04-07,0.00023214285714285717
1985-04-14,0.0012508928571428569
1985-04-21,0.0006562499999999999
1985-04-28,0.012511607142857142
1985-05-05,0.00011875000000000001
1985-05-12,0.0
1985-05-19,0.0
1985-05-26,0.00023303571428569999
1985-06-02,0.0
1985-06-09,5.357142857142857e-06
1985-06-16,0.0
1985-06-23,0.0
1985-06-30,0.0
1985-07-07,0.0
1985-07-14,0.0
1985-07-21,0.0
1985-07-28,0.0
1985-08-04,0.0
1985-08-11,0.0
1985-08-18,0.0
1985-08-25,0.0
1985-09-01,0.0
1985-09-08,0.0
1985-09-15,0.0
1985-09-22,0.0
1985-09-29,0.0
1985-10-06,0.0
1985-10-13,0.0
1985-10-20,0.0
1985-10-27,0.0
1985-11-03,0.0006535714285714286
1985-11-10,0.009391964285714273
1985-11-17,0.0071169642857142725
1985-11-24,0.0016642857142857143
1985-12-01,0.012216071428571413
1985-12-08,0.008808035714285714
1985-12-15,0.0013241071428571427
1985-12-22,0.00044821428571428573
1985-12-29,0.010185714285714286
1986-01-05,0.05961428571428572
1986-01-12,0.03204196428571426
1986-01-19,0.010796428571428571
1986-01-26,0.012404464285714272
1986-02-02,0.041830357142857134
1986-02-09,0.0234
1986-02-16,0.010176785714285699
1986-02-23,0.01761071428571427
1986-03-02,0.006590178571428558
1986-03-09,0.0033705357142857144
1986-03-16,0.0008133928571428429
1986-03-23,0.005940178571428571
1986-03-30,0.020713392857142843
1986-04-06,0.0029749999999999855
1986-04-13,0.0031642857142857145
1986-04-20,0.009132142857142856
1986-04-27,0.0009321428571428571
1986-05-04,1.8750000000000002e-05
1986-05-11,0.0012705357142857143
1986-05-18,0.0
1986-05-25,0.0
1986-06-01,0.0006839285714285714
1986-06-08,0.0
1986-06-15,0.0005151785714285572
1986-06-22,0.0
1986-06-29,0.0
1986-07-06,0.0
1986-07-13,0.0
1986-07-20,0.0
1986-07-27,0.0
1986-08-03,0.0
1986-08-10,0.0
1986-08-17,0.0
1986-08-24,0.0
1986-08-31,0.0
1986-09-07,0.0
1986-09-14,0.0
1986-09-21,1.7857142857142859e-06
1986-09-28,0.0
1986-10-05,0.0
1986-10-12,0.0
1986-10-19,0.0004053571428571286
1986-10-26,0.0010526785714285714
1986-11-02,0.0011598214285714285
1986-11-09,0.00014375
1986-11-16,0.0
1986-11-23,0.009554464285714258
1986-11-30,4.285714285714286e-05
1986-12-07,0.0047374999999999995
1986-12-14,0.0032241071428571427
1986-12-21,0.01657232142857143
1986-12-28,0.0031794642857142573
1987-01-04,0.0376875
1987-01-11,0.012991071428571413
1987-01-18,0.053075892857142835
1987-01-25,0.0032776785714285716
1987-02-01,0.0020410714285714142
1987-02-08,0.0036857142857142713
1987-02-15,0.013108928571428558
1987-02-22,0.004041071428571429
1987-03-01,0.00792767857142857
1987-03-08,0.04597767857142855
1987-03-15,0.006586607142857143
1987-03-22,0.012982142857142843
1987-03-29,0.014890178571428558
1987-04-05,0.0041267857142857
1987-04-12,0.005580357142857143
1987-04-19,8.928571428571429e-07
1987-04-26,0.0
1987-05-03,0.0007991071428571429
1987-05-10,0.0
1987-05-17,3.928571428571429e-05
1987-05-24,0.0
1987-05-31,0.0
1987-06-07,0.0
1987-06-14,0.0
1987-06-21,0.0
1987-06-28,0.0
1987-07-05,0.0
1987-07-12,0.0
1987-07-19,0.0
1987-07-26,0.0
1987-08-02,0.0
1987-08-09,0.0
1987-08-16,0.0
1987-08-23,0.0
1987-08-30,0.0
1987-09-06,0.0
1987-09-13,0.0
1987-09-20,0.0
1987-09-27,0.0
1987-10-04,0.0
1987-10-11,0.00019732142857142857
1987-10-18,6.249999999998572e-05
1987-10-25,0.0
1987-11-01,6.25e-06
1987-11-08,1.875e-05
1987-11-15,0.006705357142857129
1987-11-22,0.0007124999999999999
1987-11-29,0.0015714285714285713
1987-12-06,0.00135625
1987-12-13,0.0013866071428571285
1987-12-20,0.00221875
1987-12-27,0.0012651785714285714
1988-01-03,0.00011428571428571427
1988-01-10,0.006597321428571429
1988-01-17,0.0006089285714285714
1988-01-24,0.04607232142857143
1988-01-31,0.014258928571428558
1988-02-07,0.028277678571428554
1988-02-14,0.017408035714285713
1988-02-21,0.00010446428571428572
1988-02-28,0.0030517857142857143
1988-03-06,0.009273214285714272
1988-03-13,0.0036223214285713997
1988-03-20,0.018705357142857145
1988-03-27,0.0005044642857142857
1988-04-03,0.0004910714285714143
1988-04-10,0.0011053571428571427
1988-04-17,0.0003348214285714286
1988-04-24,0.0013107142857142855
1988-05-01,1.6071428571428572e-05
1988-05-08,0.0
1988-05-15,0.0
1988-05-22,7.1428571428571436e-06
1988-05-29,0.0
1988-06-05,0.0
1988-06-12,0.0
1988-06-19,0.0
1988-06-26,0.0
1988-07-03,0.0
1988-07-10,0.0
1988-07-17,0.0
1988-07-24,0.0
1988-07-31,0.0
1988-08-07,0.0
1988-08-14,0.0
1988-08-21,0.0
1988-08-28,0.0
1988-09-04,0.0
1988-09-11,0.0
1988-09-18,0.0
1988-09-25,0.0
1988-10-02,0.0
1988-10-09,0.0014223214285714286
1988-10-16,2.6785714285714285e-06
1988-10-23,0.0
1988-10-30,0.00016875
1988-11-06,0.0007642857142857142
1988-11-13,4.464285714285715e-06
1988-11-20,0.011835714285714284
1988-11-27,0.0016616071428571285
1988-12-04,0.006807142857142857
1988-12-11,0.0007035714285714285
1988-12-18,0.0
1988-12-25,0.0012008928571428429
1989-01-01,0.0
1989-01-08,0.0005098214285714
1989-01-15,0.0064080357142857
1989-01-22,0.0005482142857142857
1989-01-29,0.00020535714285714284
1989-02-05,0.00041339285714285713
1989-02-12,0.0011178571428571427
1989-02-19,0.014741071428571428
1989-02-26,0.032683035714285685
1989-03-05,0.01098125
1989-03-12,0.0017151785714285713
1989-03-19,0.0038357142857142856
1989-03-26,0.012292857142857144
1989-04-02,0.0005008928571428572
1989-04-09,0.0072133928571428575
1989-04-16,0.0004901785714285714
1989-04-23,0.0015589285714285716
1989-04-30,0.005614285714285715
1989-05-07,0.0
1989-05-14,0.001124107142857143
1989-05-21,0.0
1989-05-28,6.249999999998572e-05
1989-06-04,1.3392857142857144e-05
1989-06-11,0.0
1989-06-18,0.0
1989-06-25,0.0
1989-07-02,0.0
1989-07-09,0.0
1989-07-16,0.0
1989-07-23,0.0
1989-07-30,0.0
1989-08-06,0.0
1989-08-13,0.0
1989-08-20,0.0
1989-08-27,0.0
1989-09-03,0.0
1989-09-10,0.0
1989-09-17,0.0
1989-09-24,0.0
1989-10-01,0.0
1989-10-08,0.0
1989-10-15,0.0
1989-10-22,0.0
1989-10-29,0.0033339285714285715
1989-11-05,0.0
1989-11-12,0.0009580357142857143
1989-11-19,0.0
1989-11-26,0.0006589285714285715
1989-12-03,0.0014508928571428572
1989-12-10,0.0006767857142857142
1989-12-17,0.06137589285714286
1989-12-24,0.012885714285714283
1989-12-31,0.0015517857142857
1990-01-07,0.006492857142857142
1990-01-14,9.464285714285715e-05
1990-01-21,0.005483928571428571
1990-01-28,0.05219464285714286
1990-02-04,0.009633928571428573
1990-02-11,0.030984821428571428
1990-02-18,0.017670535714285715
1990-02-25,0.0011446428571428573
1990-03-04,0.017249107142857142
1990-03-11,0.0013410714285714287
1990-03-18,0.00016160714285712855
1990-03-25,0.003264285714285714
1990-04-01,5e-05
1990-04-08,0.0067991071428571285
1990-04-15,0.0009678571428571428
1990-04-22,0.0011482142857142715
1990-04-29,3.303571428571429e-05
1990-05-06,0.0
1990-05-13,0.0
1990-05-20,0.0
1990-05-27,0.0
1990-06-03,0.0
1990-06-10,0.0
1990-06-17,0.0
1990-06-24,0.0
1990-07-01,0.0
1990-07-08,0.0
1990-07-15,0.0
1990-07-22,0.0
1990-07-29,0.0
1990-08-05,0.0
1990-08-12,0.0
1990-08-19,0.0
1990-08-26,0.0
1990-09-02,0.0
1990-09-09,0.0
1990-09-16,0.0
1990-09-23,2.7678571428571428e-05
1990-09-30,0.0
1990-10-07,0.0
1990-10-14,0.0
1990-10-21,0.0
1990-10-28,0.0015598214285714284
1990-11-04,0.0014160714285714
1990-11-11,4.642857142857143e-05
1990-11-18,0.00023392857142857143
1990-11-25,0.0038982142857142857
1990-12-02,0.00022232142857141427
1990-12-09,0.033316071428571424
1990-12-16,0.0006732142857142857
1990-12-23,0.0026312499999999856
1990-12-30,0.02167053571428571
1991-01-06,0.018095535714285686
1991-01-13,0.03444732142857143
1991-01-20,0.0027339285714285573
1991-01-27,0.0010937499999999999
1991-02-03,0.014252678571428545
1991-02-10,0.034250892857142855
1991-02-17,0.018007142857142857
1991-02-24,0.01875625
1991-03-03,0.008882142857142858
1991-03-10,0.006834821428571414
1991-03-17,7.1428571428571436e-06
1991-03-24,0.000999107142857143
1991-03-31,4.2857142857142856e-05
1991-04-07,0.0013973214285714283
1991-04-14,8.30357142857143e-05
1991-04-21,0.0009955357142857142
1991-04-28,3.125e-05
1991-05-05,8.928571428571429e-07
1991-05-12,0.0
1991-05-19,0.0
1991-05-26,0.0
1991-06-02,0.0002830357142857143
1991-06-09,2.8571428571414283e-05
1991-06-16,0.0
1991-06-23,0.0
1991-06-30,0.0
1991-07-07,0.0
1991-07-14,0.0
1991-07-21,0.0
1991-07-28,0.0
1991-08-04,0.0
1991-08-11,0.0
1991-08-18,0.0
1991-08-25,0.0
1991-09-01,0.0
1991-09-08,0.0
1991-09-15,0.0
1991-09-22,0.0
1991-09-29,0.0
1991-10-06,0.0
1991-10-13,0.0
1991-10-20,0.00035446428571427144
1991-10-27,0.0
1991-11-03,0.00046249999999999997
1991-11-10,0.002823214285714286
1991-11-17,0.009339285714285715
1991-11-24,0.0018499999999999856
1991-12-01,5.089285714285714e-05
1991-12-08,0.0003642857142857143
1991-12-15,0.0010848214285714285
1991-12-22,0.011953571428571428
1991-12-29,0.0024803571428571427
1992-01-05,0.00195
1992-01-12,0.0124267857142857
1992-01-19,0.000175
1992-01-26,0.0013892857142857001
1992-02-02,0.00205
1992-02-09,0.0015776785714285715
1992-02-16,0.0019375
1992-02-23,0.013099999999999971
1992-03-01,0.00012767857142857142
1992-03-08,0.00010803571428571428
1992-03-15,0.013474107142857144
1992-03-22,0.00061875
1992-03-29,0.0017169642857142713
1992-04-05,0.009541964285714286
1992-04-12,2.6785714285714285e-06
1992-04-19,0.002891071428571428
1992-04-26,7.321428571427142e-05
1992-05-03,8.303571428571428e-05
1992-05-10,0.00014464285714285713
1992-05-17,8.928571428571429e-07
1992-05-24,0.0
1992-05-31,0.0
1992-06-07,0.0
1992-06-14,0.0
1992-06-21,0.0
1992-06-28,0.0
1992-07-05,0.0
1992-07-12,0.0
1992-07-19,0.0
1992-07-26,0.0
1992-08-02,0.0
1992-08-09,0.0
1992-08-16,0.0
1992-08-23,0.0
1992-08-30,0.0
1992-09-06,0.0
1992-09-13,0.0
1992-09-20,0.0
1992-09-27,0.0
1992-10-04,0.0
1992-10-11,0.0
1992-10-18,0.0006383928571428428
1992-10-25,0.006328571428571429
1992-11-01,0.001025
1992-11-08,0.003062499999999986
1992-11-15,0.005358928571428571
1992-11-22,0.01700714285714286
1992-11-29,0.0012473214285714286
1992-12-06,0.010200892857142858
1992-12-13,0.0004517857142857
1992-12-20,0.00929642857142857
1992-12-27,0.003400892857142857
1993-01-03,0.013302678571428556
1993-01-10,0.006962500000000001
1993-01-17,0.035198214285714284
1993-01-24,0.036459821428571425
1993-01-31,0.002394642857142857
1993-02-07,0.0005241071428571286
1993-02-14,0.00014642857142857141
1993-02-21,0.0008330357142857142
1993-02-28,0.007759821428571428
1993-03-07,0.003982142857142857
1993-03-14,0.00023392857142857143
1993-03-21,0.0004955357142857142
1993-03-28,0.005701785714285714
1993-04-04,0.0013892857142857142
1993-04-11,0.0031589285714285578
1993-04-18,9.37499999999857e-05
1993-04-25,0.0020160714285714287
1993-05-02,8.928571428571429e-07
1993-05-09,0.0
1993-05-16,0.004519642857142857
1993-05-23,0.0
1993-05-30,0.0
1993-06-06,0.0
1993-06-13,0.0
1993-06-20,0.0
1993-06-27,0.0
1993-07-04,0.0
1993-07-11,0.0
1993-07-18,0.0
1993-07-25,0.0
1993-08-01,0.0
1993-08-08,0.0
1993-08-15,0.0
1993-08-22,0.0
1993-08-29,0.0
1993-09-05,0.0
1993-09-12,0.0
1993-09-19,0.0
1993-09-26,0.0
1993-10-03,1.4285714285714284e-05
1993-10-10,0.0
1993-10-17,0.0010580357142857
1993-10-24,4.910714285714285e-05
1993-10-31,8.035714285714286e-06
1993-11-07,0.0
1993-11-14,0.0011553571428571427
1993-11-21,0.0026223214285714144
1993-11-28,0.0075223214285714286
1993-12-05,0.02015357142857143
1993-12-12,0.05943482142857143
1993-12-19,0.018915178571428572
1993-12-26,0.025178571428571432
1994-01-02,0.028764285714285714
1994-01-09,0.03393392857142857
1994-01-16,0.009035714285714272
1994-01-23,0.0068473214285714274
1994-01-30,0.011844642857142857
1994-02-06,0.01878482142857143
1994-02-13,0.005023214285714285
1994-02-20,0.01538125
1994-02-27,0.07433124999999999
1994-03-06,0.01445535714285713
1994-03-13,0.005289285714285686
1994-03-20,0.016694642857142856
1994-03-27,0.00260625
1994-04-03,0.004804464285714257
1994-04-10,0.019637499999999985
1994-04-17,5.178571428571428e-05
1994-04-24,0.0019366071428571427
1994-05-01,0.0
1994-05-08,0.0
1994-05-15,0.0
1994-05-22,1.4285714285714287e-05
1994-05-29,0.0
1994-06-05,0.0
1994-06-12,0.0
1994-06-19,0.0
1994-06-26,0.0
1994-07-03,0.0
1994-07-10,0.0
1994-07-17,0.0
1994-07-24,0.0
1994-07-31,0.0
1994-08-07,0.0
1994-08-14,0.0
1994-08-21,0.0
1994-08-28,0.0
1994-09-04,0.0
1994-09-11,0.0
1994-09-18,0.0
1994-09-25,0.0
1994-10-02,0.0
1994-10-09,0.0003526785714285714
1994-10-16,1.4285714285714287e-05
1994-10-23,1.7857142857142859e-06
1994-10-30,0.00041517857142857144
1994-11-06,1.4285714285714287e-05
1994-11-13,0.0
1994-11-20,2.3214285714285715e-05
1994-11-27,0.0
1994-12-04,4.464285714285714e-05
1994-12-11,0.005871428571428571
1994-12-18,0.0045562499999999995
1994-12-25,0.0021455357142857144
1995-01-01,0.016465178571428558
1995-01-08,0.006357142857142843
1995-01-15,0.006773214285714257
1995-01-22,0.040323214285714275
1995-01-29,0.07519642857142858
1995-02-05,0.002766964285714257
1995-02-12,0.026083035714285715
1995-02-19,0.009685714285714271
1995-02-26,0.0116875
1995-03-05,0.03604732142857143
1995-03-12,0.015106249999999986
1995-03-19,0.012194642857142843
1995-03-26,0.0013285714285714285
1995-04-02,0.021503571428571427
1995-04-09,1.6071428571428572e-05
1995-04-16,0.0
1995-04-23,0.009423214285714271
1995-04-30,5.7142857142857135e-05
1995-05-07,0.0
1995-05-14,0.0008303571428571429
1995-05-21,0.0012071428571428428
1995-05-28,0.0
1995-06-04,0.0
1995-06-11,0.0
1995-06-18,0.0
1995-06-25,0.0
1995-07-02,0.0
1995-07-09,0.0
1995-07-16,0.0
1995-07-23,0.0
1995-07-30,0.0
1995-08-06,0.0
1995-08-13,0.0
1995-08-20,0.0
1995-08-27,0.0
1995-09-03,0.0
1995-09-10,0.0
1995-09-17,0.0
1995-09-24,0.0
1995-10-01,0.0
1995-10-08,0.0
1995-10-15,0.0
1995-10-22,8.928571428571429e-07
1995-10-29,0.0
1995-11-05,2.589285714285714e-05
1995-11-12,4.642857142857143e-05
1995-11-19,0.003157142857142857
1995-11-26,0.0008883928571428428
1995-12-03,0.0
1995-12-10,0.008026785714285714
1995-12-17,0.0036312499999999856
1995-12-24,0.05277767857142857
1995-12-31,0.021517857142857144
1996-01-07,0.013058928571428572
1996-01-14,3.303571428571428e-05
1996-01-21,0.002419642857142857
1996-01-28,0.022812500000000003
1996-02-04,0.004557142857142843
1996-02-11,0.08114375
1996-02-18,0.010686607142857144
1996-02-25,0.0162375
1996-03-03,0.0007633928571428572
1996-03-10,0.0016776785714285715
1996-03-17,0.050375892857142855
1996-03-24,0.0048392857142857
1996-03-31,0.0017499999999999857
1996-04-07,0.0005383928571428572
1996-04-14,0.0064625
1996-04-21,0.0003660714285714286
1996-04-28,0.0006785714285714286
1996-05-05,0.0005678571428571286
1996-05-12,4.107142857142857e-05
1996-05-19,0.0021375
1996-05-26,0.0
1996-06-02,0.0
1996-06-09,0.0
1996-06-16,0.0
1996-06-23,0.0
1996-06-30,0.0
1996-07-07,0.0
1996-07-14,0.0
1996-07-21,0.0
1996-07-28,0.0
1996-08-04,0.0
1996-08-11,0.0
1996-08-18,0.0
1996-08-25,0.0
1996-09-01,0.0
1996-09-08,0.0
1996-09-15,0.0
1996-09-22,0.0
1996-09-29,0.0
1996-10-06,0.0
1996-10-13,0.0
1996-10-20,0.0
1996-10-27,0.0
1996-11-03,3.124999999998571e-05
1996-11-10,0.007478571428571429
1996-11-17,0.0008276785714285714
1996-11-24,0.06344821428571427
1996-12-01,0.00976607142857143
1996-12-08,0.022516964285714286
1996-12-15,0.0023776785714285714
1996-12-22,0.005115178571428571
1996-12-29,0.007449999999999985
1997-01-05,0.009750892857142843
1997-01-12,0.01965267857142857
1997-01-19,0.0027357142857142858
1997-01-26,0.0103125
1997-02-02,0.00199375
1997-02-09,0.0028357142857142713
1997-02-16,0.012670535714285714
1997-02-23,0.013739285714285714
1997-03-02,0.0038669642857142718
1997-03-09,0.00019999999999998573
1997-03-16,0.0027741071428571433
1997-03-23,0.00023214285714285717
1997-03-30,3.839285714285714e-05
1997-04-06,0.004558035714285714
1997-04-13,0.0
1997-04-20,3.303571428571429e-05
1997-04-27,0.00011071428571428572
1997-05-04,0.0008776785714285715
1997-05-11,0.0033928571428571428
1997-05-18,0.0
1997-05-25,0.0
1997-06-01,0.0
1997-06-08,0.0
1997-06-15,0.0
1997-06-22,0.0
1997-06-29,0.0
1997-07-06,0.0
1997-07-13,0.0
1997-07-20,0.0
1997-07-27,0.0
1997-08-03,0.0
1997-08-10,0.0
1997-08-17,0.0
1997-08-24,0.0
1997-08-31,0.0
1997-09-07,0.0
1997-09-14,0.0
1997-09-21,0.0
1997-09-28,0.0
1997-10-05,0.0
1997-10-12,0.0
1997-10-19,0.0
1997-10-26,6.785714285714286e-05
1997-11-02,0.00010714285714284285
1997-11-09,0.0003732142857142857
1997-11-16,2.6785714285714285e-06
1997-11-23,0.0
1997-11-30,0.00011875
1997-12-07,0.006403571428571428
1997-12-14,0.0005214285714285713
1997-12-21,0.008133928571428571
1997-12-28,0.003715178571428557
1998-01-04,0.013151785714285701
1998-01-11,0.013633035714285714
1998-01-18,0.016663392857142842
1998-01-25,0.005939285714285686
1998-02-01,0.0026303571428571426
1998-02-08,0.0017848214285714288
1998-02-15,0.0
1998-02-22,4.375e-05
1998-03-01,0.018951785714285716
1998-03-08,0.04208214285714285
1998-03-15,0.0030017857142857
1998-03-22,1.7857142857142859e-06
1998-03-29,0.0
1998-04-05,0.006199107142857143
1998-04-12,0.01117142857142857
1998-04-19,0.009388392857142856
1998-04-26,0.0
1998-05-03,8.928571428571429e-07
1998-05-10,0.0
1998-05-17,0.0
1998-05-24,0.0
1998-05-31,0.0
1998-06-07,0.0
1998-06-14,0.0
1998-06-21,0.0
1998-06-28,0.0
1998-07-05,0.0
1998-07-12,0.0
1998-07-19,0.0
1998-07-26,0.0
1998-08-02,0.0
1998-08-09,0.0
1998-08-16,0.0
1998-08-23,0.0
1998-08-30,0.0
1998-09-06,0.0
1998-09-13,0.0
1998-09-20,0.0
1998-09-27,0.0
1998-10-04,0.0
1998-10-11,0.0
1998-10-18,0.006578571428571428
1998-10-25,0.005707142857142857
1998-11-01,8.035714285714285e-05
1998-11-08,0.010746428571428572
1998-11-15,0.0015151785714285716
1998-11-22,0.0013955357142856999
1998-11-29,5.2678571428571425e-05
1998-12-06,0.004085714285714285
1998-12-13,0.00020892857142857144
1998-12-20,0.0008330357142857
1998-12-27,0.024431249999999998
1999-01-03,0.005193749999999971
1999-01-10,0.012144642857142857
1999-01-17,0.027747321428571427
1999-01-24,0.004691964285714285
1999-01-31,0.005459821428571429
1999-02-07,0.0054687500000000005
1999-02-14,0.010112499999999984
1999-02-21,0.015007142857142858
1999-02-28,0.011630357142857114
1999-03-07,0.008224107142857129
1999-03-14,0.0010991071428571428
1999-03-21,8.303571428571428e-05
1999-03-28,0.0021517857142857
1999-04-04,0.0
1999-04-11,0.0
1999-04-18,0.012475
1999-04-25,0.0010660714285714286
1999-05-02,0.0
1999-05-09,0.0
1999-05-16,0.0
1999-05-23,2.232142857142857e-05
1999-05-30,0.0
1999-06-06,0.0
1999-06-13,0.0
1999-06-20,0.0
1999-06-27,0.0
1999-07-04,0.0
1999-07-11,0.0
1999-07-18,0.0
1999-07-25,0.0
1999-08-01,0.0
1999-08-08,0.0
1999-08-15,0.0
1999-08-22,0.0
1999-08-29,0.0
1999-09-05,0.0
1999-09-12,0.0
1999-09-19,0.0
1999-09-26,0.0
1999-10-03,0.0
1999-10-10,4.464285714285715e-06
1999-10-17,0.0
1999-10-24,0.0
1999-10-31,0.0
1999-11-07,0.0003160714285714286
1999-11-14,1.5178571428571427e-05
1999-11-21,0.0012035714285714286
1999-11-28,0.005264285714285714
1999-12-05,0.015716071428571416
1999-12-12,0.007891964285714285
1999-12-19,0.013036607142857143
1999-12-26,0.020029464285714258
2000-01-02,0.0019303571428571284
2000-01-09,0.0020535714285714285
2000-01-16,0.002353571428571414
2000-01-23,0.0009249999999999999
2000-01-30,0.0022366071428571283
2000-02-06,0.0006991071428571286
2000-02-13,0.013375892857142857
2000-02-20,0.028025892857142843
2000-02-27,0.0024392857142857
2000-03-05,0.007053571428571414
2000-03-12,5.8035714285714285e-05
2000-03-19,0.0002160714285714286
2000-03-26,0.0011473214285714285
2000-04-02,0.010271428571428556
2000-04-09,0.010844642857142857
2000-04-16,0.0033660714285713997
2000-04-23,0.0005473214285714286
2000-04-30,0.0035017857142857003
2000-05-07,0.0
2000-05-14,0.0
2000-05-21,0.0
2000-05-28,0.0
2000-06-04,0.0
2000-06-11,0.0
2000-06-18,0.0
2000-06-25,0.0
2000-07-02,0.0
2000-07-09,0.0
2000-07-16,0.0
2000-07-23,0.0
2000-07-30,0.0
2000-08-06,0.0
2000-08-13,0.0
2000-08-20,0.0
2000-08-27,0.0
2000-09-03,0.0
2000-09-10,0.0
2000-09-17,0.0
2000-09-24,0.0
2000-10-01,0.0
2000-10-08,0.0
2000-10-15,0.00010625000000000001
2000-10-22,0.0
2000-10-29,2.6785714285714288e-05
2000-11-05,0.003069642857142857
2000-11-12,0.00010535714285714285
2000-11-19,0.0005312499999999857
2000-11-26,0.0012919642857142856
2000-12-03,0.0
2000-12-10,2.1428571428571428e-05
2000-12-17,0.0049357142857142855
2000-12-24,0.002063392857142843
2000-12-31,0.05037410714285713
2001-01-07,0.003283928571428557
2001-01-14,0.0012053571428571142
2001-01-21,0.014192857142857142
2001-01-28,0.013190178571428571
2001-02-04,0.05152678571428569
2001-02-11,0.03924910714285714
2001-02-18,0.0006982142857142856
2001-02-25,0.007854464285714286
2001-03-04,0.04184642857142857
2001-03-11,0.0028982142857142856
2001-03-18,0.009514285714285715
2001-03-25,0.022995535714285715
2001-04-01,0.0017910714285714285
2001-04-08,0.0005982142857142858
2001-04-15,0.0001392857142857
2001-04-22,0.0015544642857142855
2001-04-29,0.00034107142857142854
2001-05-06,5.357142857142858e-06
2001-05-13,0.0
2001-05-20,7.321428571427142e-05
2001-05-27,0.0
2001-06-03,0.0
2001-06-10,0.0
2001-06-17,0.0
2001-06-24,0.0
2001-07-01,0.0
2001-07-08,0.0
2001-07-15,0.0
2001-07-22,0.0
2001-07-29,0.0
2001-08-05,0.0
2001-08-12,0.0
2001-08-19,0.0
2001-08-26,0.0
2001-09-02,0.0
2001-09-09,0.0
2001-09-16,0.0
2001-09-23,0.0
2001-09-30,0.0
2001-10-07,0.0
2001-10-14,0.0
2001-10-21,0.0
2001-10-28,0.0
2001-11-04,0.0
2001-11-11,0.006127678571428571
2001-11-18,0.00036339285714285716
2001-11-25,0.00098125
2001-12-02,0.0022383928571428568
2001-12-09,0.0085142857142857
2001-12-16,0.0002767857142857143
2001-12-23,0.0034035714285714142
2001-12-30,0.022651785714285715
2002-01-06,0.00171875
2002-01-13,0.00081875
2002-01-20,0.00012589285714285716
2002-01-27,0.027894642857142847
2002-02-03,0.01854910714285714
2002-02-10,0.006835714285714272
2002-02-17,0.0016241071428571428
2002-02-24,0.030106249999999984
2002-03-03,0.02154821428571429
2002-03-10,0.01653214285714286
2002-03-17,0.0009125
2002-03-24,0.0006410714285714143
2002-03-31,0.00010357142857142856
2002-04-07,3.3928571428571424e-05
2002-04-14,0.0001830357142857143
2002-04-21,1.7857142857142859e-06
2002-04-28,0.00025624999999999997
2002-05-05,0.0011946428571428572
2002-05-12,0.0
2002-05-19,0.0
2002-05-26,0.0
2002-06-02,0.0
2002-06-09,0.0
2002-06-16,0.0
2002-06-23,0.0
2002-06-30,0.0
2002-07-07,0.0
2002-07-14,0.0
2002-07-21,0.0
2002-07-28,0.0
2002-08-04,0.0
2002-08-11,0.0
2002-08-18,0.0
2002-08-25,0.0
2002-09-01,0.0
2002-09-08,0.0
2002-09-15,0.0
2002-09-22,0.0
2002-09-29,0.0
2002-10-06,0.0
2002-10-13,0.000896428571428557
2002-10-20,0.0029580357142857143
2002-10-27,0.008028571428571414
2002-11-03,3.5714285714285718e-06
2002-11-10,0.0012401785714285713
2002-11-17,8.571428571428571e-05
2002-11-24,2.0535714285714285e-05
2002-12-01,4.464285714285714e-05
2002-12-08,0.00019999999999998573
2002-12-15,0.005367857142857142
2002-12-22,0.0021437500000000003
2002-12-29,0.0008125
2003-01-05,0.017013392857142855
2003-01-12,0.002609821428571414
2003-01-19,1.25e-05
2003-01-26,0.0040848214285714
2003-02-02,0.022567857142857143
2003-02-09,0.006315178571428571
2003-02-16,0.0013249999999999857
2003-02-23,0.0013767857142857143
2003-03-02,0.0004410714285714286
2003-03-09,3.5714285714285718e-06
2003-03-16,0.00022232142857141427
2003-03-23,0.00019375
2003-03-30,0.0
2003-04-06,9.55357142857143e-05
2003-04-13,4.0178571428571427e-05
2003-04-20,8.928571428571429e-07
2003-04-27,0.0
2003-05-04,2.7678571428571428e-05
2003-05-11,0.0
2003-05-18,0.0
2003-05-25,0.0
2003-06-01,0.0
2003-06-08,0.0
2003-06-15,0.0
2003-06-22,0.0
2003-06-29,0.0
2003-07-06,0.0
2003-07-13,0.0
2003-07-20,0.0
2003-07-27,0.0
2003-08-03,0.0
2003-08-10,0.0
2003-08-17,0.0
2003-08-24,0.0
2003-08-31,0.0
2003-09-07,0.0
2003-09-14,0.0
2003-09-21,0.0
2003-09-28,0.0
2003-10-05,7.5e-05
2003-10-12,0.0
2003-10-19,0.0
2003-10-26,0.0006767857142857142
2003-11-02,0.00035625000000000007
2003-11-09,0.0
2003-11-16,0.0
2003-11-23,3.392857142857143e-05
2003-11-30,0.002349107142857129
2003-12-07,0.00010803571428571428
2003-12-14,0.0024714285714285715
2003-12-21,0.024223214285714282
2003-12-28,0.005536607142857143
2004-01-04,0.04245892857142857
2004-01-11,0.0015642857142857142
2004-01-18,0.014814285714285714
2004-01-25,0.0005794642857142857
2004-02-01,0.03177410714285713
2004-02-08,0.0068991071428571435
2004-02-15,0.0011178571428571429
2004-02-22,0.001255357142857143
2004-02-29,0.018209821428571426
2004-03-07,0.0013696428571428573
2004-03-14,0.009348214285714284
2004-03-21,0.0045080357142857
2004-03-28,0.0007375000000000001
2004-04-04,0.0
2004-04-11,0.0004999999999999857
2004-04-18,2.9464285714285714e-05
2004-04-25,0.00030178571428571423
2004-05-02,0.0
2004-05-09,0.0
2004-05-16,0.0
2004-05-23,0.0
2004-05-30,0.0
2004-06-06,0.0
2004-06-13,0.0
2004-06-20,0.0
2004-06-27,0.0
2004-07-04,0.0
2004-07-11,0.0
2004-07-18,0.0
2004-07-25,0.0
2004-08-01,0.0
2004-08-08,0.0
2004-08-15,0.0
2004-08-22,0.0
2004-08-29,0.0
2004-09-05,0.0
2004-09-12,0.0
2004-09-19,0.0
2004-09-26,0.0
2004-10-03,0.0
2004-10-10,0.0
2004-10-17,0.0
2004-10-24,4.642857142857143e-05
2004-10-31,0.0
2004-11-07,0.0
2004-11-14,0.00012142857142857142
2004-11-21,0.014780357142857145
2004-11-28,0.00168125
2004-12-05,0.00017053571428571427
2004-12-12,1.25e-05
2004-12-19,0.002100892857142857
2004-12-26,0.010090178571428571
2005-01-02,0.004342857142857128
2005-01-09,0.00419375
2005-01-16,0.00035089285714282856
2005-01-23,0.0122
2005-01-30,0.0009571428571428571
2005-02-06,0.0022214285714285712
2005-02-13,0.006108928571428572
2005-02-20,0.004477678571428557
2005-02-27,0.010410714285714285
2005-03-06,0.018212499999999986
2005-03-13,0.005223214285714285
2005-03-20,0.002191964285714286
2005-03-27,0.0005
2005-04-03,2.4107142857142855e-05
2005-04-10,0.0035232142857142858
2005-04-17,0.0022982142857142715
2005-04-24,5.357142857142858e-06
2005-05-01,3.303571428571428e-05
2005-05-08,0.0
2005-05-15,5.3571428571428575e-05
2005-05-22,0.00019821428571427144
2005-05-29,0.0
2005-06-05,0.0
2005-06-12,0.0
2005-06-19,0.0
2005-06-26,0.0
2005-07-03,0.0
2005-07-10,0.0
2005-07-17,0.0
2005-07-24,0.0
2005-07-31,0.0
2005-08-07,0.0
2005-08-14,0.0
2005-08-21,0.0
2005-08-28,0.0
2005-09-04,0.0
2005-09-11,0.0
2005-09-18,0.0
2005-09-25,0.0
2005-10-02,0.0
2005-10-09,0.0
2005-10-16,0.00039017857142857143
2005-10-23,2.232142857142857e-05
2005-10-30,0.0
2005-11-06,0.0
2005-11-13,7.1428571428571436e-06
2005-11-20,0.0011982142857142855
2005-11-27,0.00939196428571427
2005-12-04,0.0028250000000000003
2005-12-11,0.00036875000000000005
2005-12-18,0.00135
2005-12-25,0.00021785714285714285
2006-01-01,0.0305080357142857
2006-01-08,0.0030446428571428426
2006-01-15,0.0008098214285714142
2006-01-22,0.0007178571428571428
2006-01-29,0.0007178571428571428
2006-02-05,0.001644642857142857
2006-02-12,0.002811607142857143
2006-02-19,0.002158928571428543
2006-02-26,0.005116071428571429
2006-03-05,0.02179732142857143
2006-03-12,0.04209285714285715
2006-03-19,0.020931250000000002
2006-03-26,0.012485714285714286
2006-04-02,0.0018919642857142714
2006-04-09,0.0060625
2006-04-16,0.0003375
2006-04-23,9.821428571428573e-06
2006-04-30,1.7857142857142859e-06
2006-05-07,0.00021517857142857143
2006-05-14,1.7857142857142859e-06
2006-05-21,0.0
2006-05-28,1.7857142857142859e-06
2006-06-04,0.0
2006-06-11,0.0
2006-06-18,0.0
2006-06-25,0.0
2006-07-02,0.0
2006-07-09,0.0
2006-07-16,0.0
2006-07-23,0.0
2006-07-30,0.0
2006-08-06,0.0
2006-08-13,0.0
2006-08-20,0.0
2006-08-27,0.0
2006-09-03,0.0
2006-09-10,0.0
2006-09-17,0.0
2006-09-24,0.0
2006-10-01,0.0
2006-10-08,0.0
2006-10-15,0.0
2006-10-22,0.0
2006-10-29,0.0
2006-11-05,3.0357142857142854e-05
2006-11-12,0.0
2006-11-19,0.009190178571428556
2006-11-26,6.160714285714286e-05
2006-12-03,0.00010357142857142856
2006-12-10,0.00018839285714285716
2006-12-17,0.0012062499999999855
2006-12-24,0.0009598214285714
2006-12-31,0.0018383928571428572
2007-01-07,0.0005767857142856999
2007-01-14,0.002355357142857143
2007-01-21,0.013923214285714285
2007-01-28,0.003207142857142857
2007-02-04,0.00011964285714285714
2007-02-11,0.030860714285714273
2007-02-18,7.857142857142857e-05
2007-02-25,5.2678571428571425e-05
2007-03-04,0.012839285714285715
2007-03-11,0.001563392857142857
2007-03-18,0.005779464285714285
2007-03-25,0.0065080357142857145
2007-04-01,0.00044910714285714286
2007-04-08,1.4285714285714287e-05
2007-04-15,0.0
2007-04-22,1.785714285714286e-05
2007-04-29,0.0
2007-05-06,0.0
2007-05-13,1.7857142857142859e-06
2007-05-20,0.0
2007-05-27,0.0
2007-06-03,0.0
2007-06-10,0.0
2007-06-17,0.0
2007-06-24,0.0
2007-07-01,0.0
2007-07-08,0.0
2007-07-15,0.0
2007-07-22,0.0
2007-07-29,0.0
2007-08-05,0.0
2007-08-12,0.0
2007-08-19,0.0
2007-08-26,0.0
2007-09-02,0.0
2007-09-09,0.0
2007-09-16,0.0
2007-09-23,0.0
2007-09-30,0.0
2007-10-07,0.0
2007-10-14,0.0
2007-10-21,0.0
2007-10-28,0.0
2007-11-04,0.0
2007-11-11,0.00048571428571428577
2007-11-18,0.0034580357142857143
2007-11-25,0.0007008928571428429
2007-12-02,0.0005017857142857143
2007-12-09,0.02230625
2007-12-16,0.0008428571428571428
2007-12-23,0.0024776785714285573
2007-12-30,0.0007330357142857
2008-01-06,0.014174999999999984
2008-01-13,0.015404464285714273
2008-01-20,0.004263392857142842
2008-01-27,0.012058928571428557
2008-02-03,0.0159830357142857
2008-02-10,0.0010544642857142714
2008-02-17,0.00027857142857142854
2008-02-24,0.00040714285714285717
2008-03-02,0.0025892857142857145
2008-03-09,0.0027553571428571427
2008-03-16,0.0023419642857142715
2008-03-23,0.007849999999999972
2008-03-30,0.012413392857142843
2008-04-06,0.007875
2008-04-13,0.0031991071428571285
2008-04-20,0.00029107142857141426
2008-04-27,0.0
2008-05-04,0.0
2008-05-11,0.0
2008-05-18,0.0
2008-05-25,0.0
2008-06-01,0.0
2008-06-08,0.0
2008-06-15,0.0
2008-06-22,0.0
2008-06-29,0.0
2008-07-06,0.0
2008-07-13,0.0
2008-07-20,0.0
2008-07-27,0.0
2008-08-03,0.0
2008-08-10,0.0
2008-08-17,0.0
2008-08-24,0.0
2008-08-31,0.0
2008-09-07,0.0
2008-09-14,0.0
2008-09-21,0.0
2008-09-28,0.0
2008-10-05,0.00028928571428571425
2008-10-12,0.0
2008-10-19,0.0
2008-10-26,0.0
2008-11-02,0.007492857142857143
2008-11-09,0.00045446428571428574
2008-11-16,0.0
2008-11-23,0.017150000000000002
2008-11-30,0.0025232142857142853
2008-12-07,0.01836339285714286
2008-12-14,0.009969642857142857
2008-12-21,0.004988392857142843
2008-12-28,0.0007544642857142856
2009-01-04,0.003216071428571429
2009-01-11,0.006585714285714285
2009-01-18,0.010333928571428572
2009-01-25,0.022250892857142827
2009-02-01,0.0020973214285714284
2009-02-08,0.05637857142857143
2009-02-15,0.04039553571428572
2009-02-22,0.0004267857142857143
2009-03-01,8.928571428571429e-07
2009-03-08,0.012326785714285715
2009-03-15,0.00022589285714284287
2009-03-22,8.035714285714286e-06
2009-03-29,0.002450892857142843
2009-04-05,0.00018214285714285714
2009-04-12,0.00023124999999999998
2009-04-19,1.7857142857142859e-06
2009-04-26,0.0
2009-05-03,0.0
2009-05-10,0.0
2009-05-17,0.0
2009-05-24,0.0
2009-05-31,0.0
2009-06-07,0.0
2009-06-14,0.0
2009-06-21,0.0
2009-06-28,0.0
2009-07-05,0.0
2009-07-12,0.0
2009-07-19,0.0
2009-07-26,0.0
2009-08-02,0.0
2009-08-09,0.0
2009-08-16,0.0
2009-08-23,0.0
2009-08-30,0.0
2009-09-06,0.0
2009-09-13,0.0
2009-09-20,0.0
2009-09-27,0.0
2009-10-04,0.0
2009-10-11,0.0
2009-10-18,0.0
2009-10-25,0.0
2009-11-01,0.0
2009-11-08,4.464285714285714e-05
2009-11-15,3.75e-05
2009-11-22,0.0002455357142857
2009-11-29,0.0034517857142856998
2009-12-06,0.006275892857142857
2009-12-13,0.0004642857142857143
2009-12-20,0.017316071428571413
2009-12-27,0.02003660714285713
2010-01-03,0.026526785714285673
2010-01-10,0.023227678571428573
2010-01-17,0.0369125
2010-01-24,0.007435714285714286
2010-01-31,0.006939285714285713
2010-02-07,0.010762499999999984
2010-02-14,0.002436607142857129
2010-02-21,0.031198214285714287
2010-02-28,0.06075625
2010-03-07,0.0006357142857142715
2010-03-14,0.0002839285714285714
2010-03-21,3.571428571428571e-06
2010-03-28,0.0006598214285714287
2010-04-04,0.044225
2010-04-11,0.00013392857142857144
2010-04-18,3.571428571428572e-05
2010-04-25,0.0019410714285714142
2010-05-02,3.392857142857143e-05
2010-05-09,1.6071428571428572e-05
2010-05-16,0.00036875
2010-05-23,0.0
2010-05-30,0.0
2010-06-06,0.0
2010-06-13,0.0
2010-06-20,0.0
2010-06-27,0.0
2010-07-04,0.0
2010-07-11,0.0
2010-07-18,0.0
2010-07-25,0.0
2010-08-01,0.0
2010-08-08,0.0
2010-08-15,0.0
2010-08-22,0.0
2010-08-29,0.0
2010-09-05,0.0
2010-09-12,0.0
2010-09-19,0.0
2010-09-26,0.0
2010-10-03,0.0
2010-10-10,0.0
2010-10-17,0.0
2010-10-24,0.00032500000000000004
2010-10-31,5.357142857142857e-06
2010-11-07,0.0007223214285714286
2010-11-14,0.0024410714285714144
2010-11-21,0.0002187499999999857
2010-11-28,0.02042232142857143
2010-12-05,0.026668749999999998
2010-12-12,0.0049044642857142854
2010-12-19,0.022030357142857143
2010-12-26,0.011909821428571415
2011-01-02,0.014537499999999998
2011-01-09,0.028191071428571413
2011-01-16,0.008254464285714287
2011-01-23,0.0010526785714285714
2011-01-30,0.0015848214285714285
2011-02-06,0.007492857142857142
2011-02-13,0.015591964285714287
2011-02-20,0.007319642857142843
2011-02-27,0.0017232142857142858
2011-03-06,0.0004124999999999857
2011-03-13,0.03374196428571427
2011-03-20,0.006466964285714285
2011-03-27,0.0
2011-04-03,0.00012589285714285713
2011-04-10,0.0
2011-04-17,0.0
2011-04-24,0.0
2011-05-01,0.0
2011-05-08,0.0
2011-05-15,0.0
2011-05-22,0.0
2011-05-29,0.0
2011-06-05,0.0
2011-06-12,0.0
2011-06-19,0.0
2011-06-26,0.0
2011-07-03,0.0
2011-07-10,0.0
2011-07-17,0.0
2011-07-24,0.0
2011-07-31,0.0
2011-08-07,0.0
2011-08-14,0.0
2011-08-21,0.0
2011-08-28,0.0
2011-09-04,0.0
2011-09-11,0.0
2011-09-18,0.0
2011-09-25,0.0
2011-10-02,0.0
2011-10-09,0.0
2011-10-16,0.0
2011-10-23,0.00011607142857142857
2011-10-30,0.0
2011-11-06,0.0
2011-11-13,5.357142857142857e-06
2011-11-20,0.0
2011-11-27,0.0006973214285714285
2011-12-04,0.002573214285714286
2011-12-11,0.018162499999999998
2011-12-18,0.011267857142857144
2011-12-25,0.0040517857142857
2012-01-01,0.009883928571428571
2012-01-08,0.012441071428571428
2012-01-15,0.00044999999999998573
2012-01-22,0.0031589285714285716
2012-01-29,0.006541071428571429
2012-02-05,0.030341964285714288
2012-02-12,0.013232142857142857
2012-02-19,0.00218125
2012-02-26,1.3392857142857144e-05
2012-03-04,0.0005410714285714286
2012-03-11,0.0005294642857142857
2012-03-18,2.7678571428571428e-05
2012-03-25,0.0
2012-04-01,0.0
2012-04-08,0.015568750000000001
2012-04-15,0.0007294642857142857
2012-04-22,0.0011776785714285713
2012-04-29,0.0011383928571428428
2012-05-06,0.00026875
2012-05-13,0.00028125
2012-05-20,0.00018392857142855715
2012-05-27,0.0
2012-06-03,0.0
2012-06-10,0.0
2012-06-17,0.0
2012-06-24,0.0
2012-07-01,0.0
2012-07-08,0.0
2012-07-15,0.0
2012-07-22,0.0
2012-07-29,0.0
2012-08-05,0.0
2012-08-12,0.0
2012-08-19,0.0
2012-08-26,0.0
2012-09-02,0.0
2012-09-09,0.0
2012-09-16,0.0
2012-09-23,0.0
2012-09-30,0.0
2012-10-07,0.0
2012-10-14,4.464285714285715e-06
2012-10-21,0.0015455357142857144
2012-10-28,0.0009866071428571428
2012-11-04,0.0010142857142857143
2012-11-11,0.000125
2012-11-18,8.214285714285714e-05
2012-11-25,0.0008160714285714143
2012-12-02,0.0045205357142857
2012-12-09,0.020050000000000002
2012-12-16,0.009135714285714287
2012-12-23,0.0037482142857142857
2012-12-30,0.005928571428571429
2013-01-06,0.0004660714285714286
2013-01-13,0.00910357142857143
2013-01-20,0.04382142857142857
2013-01-27,0.06766517857142858
2013-02-03,0.007209821428571428
2013-02-10,0.02725357142857143
2013-02-17,0.045588392857142855
2013-02-24,0.0025499999999999997
2013-03-03,0.0004089285714285571
2013-03-10,0.007524999999999986
2013-03-17,0.01162232142857143
2013-03-24,0.040669642857142856
2013-03-31,0.004787499999999986
2013-04-07,0.0013017857142857
2013-04-14,0.0011241071428571285
2013-04-21,0.003270535714285714
2013-04-28,0.00023839285714285716
2013-05-05,8.660714285714286e-05
2013-05-12,0.0
2013-05-19,0.0006660714285714287
2013-05-26,0.0002776785714285714
2013-06-02,0.0
2013-06-09,0.0
2013-06-16,0.0
2013-06-23,0.0
2013-06-30,0.0
2013-07-07,0.0
2013-07-14,0.0
2013-07-21,0.0
2013-07-28,0.0
2013-08-04,0.0
2013-08-11,0.0
2013-08-18,0.0
2013-08-25,0.0
2013-09-01,0.0
2013-09-08,0.0
2013-09-15,0.0
2013-09-22,0.0
2013-09-29,0.0
2013-10-06,0.0
2013-10-13,0.0
2013-10-20,0.0
2013-10-27,0.0
2013-11-03,0.003949107142857143
2013-11-10,0.0014535714285714286
2013-11-17,3.75e-05
2013-11-24,0.0032598214285714288
2013-12-01,2.1428571428571428e-05
2013-12-08,0.0028008928571428573
2013-12-15,4.464285714285715e-06
2013-12-22,0.004645535714285714
2013-12-29,0.011064285714285698
2014-01-05,0.004191071428571415
2014-01-12,0.0031446428571428567
2014-01-19,0.002828571428571428
2014-01-26,0.018377678571428555
2014-02-02,0.012579464285714286
2014-02-09,0.0017598214285714142
2014-02-16,0.03580089285714285
2014-02-23,0.0031080357142856856
2014-03-02,0.004541071428571429
2014-03-09,0.002730357142857143
2014-03-16,1.964285714285714e-05
2014-03-23,0.0024401785714285714
2014-03-30,0.0001419642857142857
2014-04-06,1.3392857142857144e-05
2014-04-13,0.0
2014-04-20,5.357142857142857e-06
2014-04-27,0.0
2014-05-04,0.0003508928571428572
2014-05-11,0.0
2014-05-18,0.0
2014-05-25,0.0
2014-06-01,0.0
2014-06-08,0.0
2014-06-15,0.0
2014-06-22,0.0
2014-06-29,0.0
2014-07-06,0.0
2014-07-13,0.0
2014-07-20,0.0
2014-07-27,0.0
2014-08-03,0.0
2014-08-10,0.0
2014-08-17,0.0
2014-08-24,0.0
2014-08-31,0.0
2014-09-07,0.0
2014-09-14,0.0
2014-09-21,0.0
2014-09-28,0.0
2014-10-05,0.0
2014-10-12,0.0
2014-10-19,0.0
2014-10-26,0.0
2014-11-02,0.0
2014-11-09,0.0004705357142857
2014-11-16,0.0
2014-11-23,0.0
2014-11-30,4.8214285714285716e-05
2014-12-07,0.0032098214285714148
2014-12-14,0.007977678571428542
2014-12-21,0.0032517857142857
2014-12-28,0.01925267857142857
2015-01-04,0.004491964285714272
2015-01-11,0.00718125
2015-01-18,0.027837499999999998
2015-01-25,0.009041071428571428
2015-02-01,0.020191071428571412
2015-02-08,0.004305357142857143
2015-02-15,0.0010383928571428428
2015-02-22,0.013575
2015-03-01,0.009620535714285713
2015-03-08,0.008177678571428556
2015-03-15,0.004005357142857128
2015-03-22,0.0001580357142857143
2015-03-29,0.0061312499999999995
2015-04-05,0.008429464285714285
2015-04-12,0.00039107142857142856
2015-04-19,0.0
2015-04-26,0.002196428571428557
2015-05-03,0.0036517857142857146
2015-05-10,1.4285714285714287e-05
2015-05-17,0.0
2015-05-24,0.0
2015-05-31,0.0
2015-06-07,0.0
2015-06-14,0.0
2015-06-21,0.0
2015-06-28,0.0
2015-07-05,0.0
2015-07-12,0.0
2015-07-19,0.0
2015-07-26,0.0
2015-08-02,0.0
2015-08-09,0.0
2015-08-16,0.0
2015-08-23,0.0
2015-08-30,0.0
2015-09-06,0.0
2015-09-13,0.0
2015-09-20,0.0
2015-09-27,0.0
2015-10-04,0.0
2015-10-11,0.0
2015-10-18,0.0
2015-10-25,0.0
2015-11-01,0.0
2015-11-08,0.0
2015-11-15,0.0014294642857142856
2015-11-22,0.006283928571428572
2015-11-29,0.007038392857142857
2015-12-06,0.01678392857142857
2015-12-13,0.011294642857142856
2015-12-20,0.0010830357142857143
2015-12-27,0.007070535714285715
2016-01-03,0.003565178571428571
2016-01-10,0.017211607142857143
2016-01-17,0.016490178571428572
2016-01-24,0.009814285714285715
2016-01-31,0.018326785714285716
2016-02-07,0.006151785714285715
2016-02-14,0.006560714285714286
2016-02-21,0.006913392857142843
2016-02-28,0.0018214285714285715
2016-03-06,0.010235714285714284
2016-03-13,0.00394375
2016-03-20,9.732142857142858e-05
2016-03-27,4.196428571428571e-05
2016-04-03,0.0011053571428571286
2016-04-10,0.0003473214285714286
2016-04-17,0.0013232142857142856
2016-04-24,0.00025982142857142854
2016-05-01,0.007662499999999972
2016-05-08,0.0
2016-05-15,0.0
2016-05-22,0.0
2016-05-29,0.0
2016-06-05,0.0
2016-06-12,0.0
2016-06-19,0.0
2016-06-26,0.0
2016-07-03,0.0
2016-07-10,0.0
2016-07-17,0.0
2016-07-24,0.0
2016-07-31,0.0
2016-08-07,0.0
2016-08-14,0.0
2016-08-21,0.0
2016-08-28,0.0
2016-09-04,0.0
2016-09-11,0.0
2016-09-18,0.0
2016-09-25,0.0
2016-10-02,0.0
2016-10-09,0.0
2016-10-16,0.0
2016-10-23,0.0
2016-10-30,1.4285714285714287e-05
2016-11-06,0.0008276785714285713
2016-11-13,0.014875892857142841
2016-11-20,0.0026741071428571426
2016-11-27,0.01274107142857143
2016-12-04,0.0002357142857142857
2016-12-11,0.0002767857142857143
2016-12-18,0.0
2016-12-25,0.001594642857142857
2017-01-01,0.0027294642857142856
2017-01-08,0.0011580357142857143
2017-01-15,0.011463392857142858
2017-01-22,0.0011026785714285715
2017-01-29,0.009317857142857143
2017-02-05,0.0038366071428571425
2017-02-12,0.010096428571428572
2017-02-19,0.0001794642857142857
2017-02-26,0.0157
2017-03-05,0.0065383928571428425
2017-03-12,0.00048482142857142853
2017-03-19,0.0013758928571428431
2017-03-26,0.005439285714285715
2017-04-02,0.0
2017-04-09,0.0
2017-04-16,5.178571428571428e-05
2017-04-23,2.678571428571429e-06
2017-04-30,0.0028250000000000003
2017-05-07,0.0
2017-05-14,0.0
2017-05-21,0.0
2017-05-28,0.0
2017-06-04,0.0
2017-06-11,0.0
2017-06-18,0.0
2017-06-25,0.0
2017-07-02,0.0
2017-07-09,0.0
2017-07-16,0.0
2017-07-23,0.0
2017-07-30,0.0
2017-08-06,0.0
2017-08-13,0.0
2017-08-20,0.0
2017-08-27,0.0
2017-09-03,0.0
2017-09-10,0.0
2017-09-17,0.0
2017-09-24,0.0
2017-10-01,0.0
2017-10-08,0.0
2017-10-15,0.0
2017-10-22,0.0
2017-10-29,0.0
2017-11-05,1.6071428571428572e-05
2017-11-12,0.00043839285714285714
2017-11-19,0.0031875
2017-11-26,0.00928125
2017-12-03,0.003998214285714286
2017-12-10,0.020461607142857142
2017-12-17,0.013508928571428571
2017-12-24,1.785714285714286e-05
2017-12-31,0.03091875
2018-01-07,0.010823214285714285
2018-01-14,0.0013473214285714143
2018-01-21,0.04981785714285714
2018-01-28,0.0005098214285714143
2018-02-04,0.009396428571428557
2018-02-11,0.010573214285714257
2018-02-18,0.022894642857142856
2018-02-25,0.0004553571428571429
2018-03-04,0.05321339285714285
2018-03-11,0.028110714285714287
2018-03-18,0.014278571428571429
2018-03-25,0.002730357142857128
2018-04-01,0.002594642857142857
2018-04-08,0.036449999999999996
2018-04-15,7.1428571428571436e-06
2018-04-22,0.0
2018-04-29,8.928571428571429e-07
2018-05-06,8.928571428571429e-07
2018-05-13,0.0
2018-05-20,0.0
2018-05-27,0.0
2018-06-03,0.0
2018-06-10,0.0
2018-06-17,0.0
2018-06-24,0.0
2018-07-01,0.0
2018-07-08,0.0
2018-07-15,0.0
2018-07-22,0.0
2018-07-29,0.0
2018-08-05,0.0
2018-08-12,0.0
2018-08-19,0.0
2018-08-26,0.0
2018-09-02,0.0
2018-09-09,0.0
2018-09-16,0.0
2018-09-23,0.0
2018-09-30,0.0
2018-10-07,6.517857142857143e-05
2018-10-14,0.0
2018-10-21,0.0
2018-10-28,0.0005089285714285714
2018-11-04,0.00024375
2018-11-11,0.0
2018-11-18,0.0
2018-11-25,0.00025
2018-12-02,0.002370535714285714
2018-12-09,0.0009535714285714286
2018-12-16,0.07009107142857142
2018-12-23,4.910714285714285e-05
2018-12-30,0.00018571428571428572
